  0
SECTION
  2
HEADER
  9
$ACADVER
  1
AC1032
  9
$ACADMAINTVER
 90
      197
  9
$DWGCODEPAGE
  3
ANSI_950
  9
$LASTSAVEDBY
  1
kench
  9
$REQUIREDVERSIONS
160
                 0
  9
$INSBASE
 10
0.0
 20
0.0
 30
0.0
  9
$EXTMIN
 10
1.228315179297253
 20
17.509680668326
 30
0.0
  9
$EXTMAX
 10
1122.721487617462
 20
456.5560660993519
 30
0.0
  9
$LIMMIN
 10
0.0
 20
0.0
  9
$LIMMAX
 10
420.0
 20
297.0
  9
$ORTHOMODE
 70
     0
  9
$REGENMODE
 70
     1
  9
$FILLMODE
 70
     1
  9
$QTEXTMODE
 70
     0
  9
$MIRRTEXT
 70
     0
  9
$LTSCALE
 40
1.0
  9
$ATTMODE
 70
     1
  9
$TEXTSIZE
 40
2.5
  9
$TRACEWID
 40
1.0
  9
$TEXTSTYLE
  7
Standard
  9
$CLAYER
  8
0
  9
$CELTYPE
  6
ByLayer
  9
$CECOLOR
 62
   256
  9
$CELTSCALE
 40
1.0
  9
$DISPSILH
 70
     0
  9
$DIMSCALE
 40
1.0
  9
$DIMASZ
 40
2.5
  9
$DIMEXO
 40
0.625
  9
$DIMDLI
 40
3.75
  9
$DIMRND
 40
0.0
  9
$DIMDLE
 40
0.0
  9
$DIMEXE
 40
1.25
  9
$DIMTP
 40
0.0
  9
$DIMTM
 40
0.0
  9
$DIMTXT
 40
2.5
  9
$DIMCEN
 40
2.5
  9
$DIMTSZ
 40
0.0
  9
$DIMTOL
 70
     0
  9
$DIMLIM
 70
     0
  9
$DIMTIH
 70
     0
  9
$DIMTOH
 70
     0
  9
$DIMSE1
 70
     0
  9
$DIMSE2
 70
     0
  9
$DIMTAD
 70
     1
  9
$DIMZIN
 70
     8
  9
$DIMBLK
  1

  9
$DIMASO
 70
     1
  9
$DIMSHO
 70
     1
  9
$DIMPOST
  1

  9
$DIMAPOST
  1

  9
$DIMALT
 70
     0
  9
$DIMALTD
 70
     3
  9
$DIMALTF
 40
0.03937007874016
  9
$DIMLFAC
 40
1.0
  9
$DIMTOFL
 70
     1
  9
$DIMTVP
 40
0.0
  9
$DIMTIX
 70
     0
  9
$DIMSOXD
 70
     0
  9
$DIMSAH
 70
     0
  9
$DIMBLK1
  1

  9
$DIMBLK2
  1

  9
$DIMSTYLE
  2
ISO-25
  9
$DIMCLRD
 70
     0
  9
$DIMCLRE
 70
     0
  9
$DIMCLRT
 70
     0
  9
$DIMTFAC
 40
1.0
  9
$DIMGAP
 40
0.625
  9
$DIMJUST
 70
     0
  9
$DIMSD1
 70
     0
  9
$DIMSD2
 70
     0
  9
$DIMTOLJ
 70
     0
  9
$DIMTZIN
 70
     8
  9
$DIMALTZ
 70
     0
  9
$DIMALTTZ
 70
     0
  9
$DIMUPT
 70
     0
  9
$DIMDEC
 70
     2
  9
$DIMTDEC
 70
     2
  9
$DIMALTU
 70
     2
  9
$DIMALTTD
 70
     3
  9
$DIMTXSTY
  7
Standard
  9
$DIMAUNIT
 70
     0
  9
$DIMADEC
 70
     0
  9
$DIMALTRND
 40
0.0
  9
$DIMAZIN
 70
     0
  9
$DIMDSEP
 70
    44
  9
$DIMATFIT
 70
     3
  9
$DIMFRAC
 70
     0
  9
$DIMLDRBLK
  1

  9
$DIMLUNIT
 70
     2
  9
$DIMLWD
 70
    -2
  9
$DIMLWE
 70
    -2
  9
$DIMTMOVE
 70
     0
  9
$DIMFXL
 40
1.0
  9
$DIMFXLON
 70
     0
  9
$DIMJOGANG
 40
0.7853981633974483
  9
$DIMTFILL
 70
     0
  9
$DIMTFILLCLR
 70
     0
  9
$DIMARCSYM
 70
     0
  9
$DIMLTYPE
  6

  9
$DIMLTEX1
  6

  9
$DIMLTEX2
  6

  9
$DIMTXTDIRECTION
 70
     0
  9
$LUNITS
 70
     2
  9
$LUPREC
 70
     4
  9
$SKETCHINC
 40
1.0
  9
$FILLETRAD
 40
0.0
  9
$AUNITS
 70
     0
  9
$AUPREC
 70
     0
  9
$MENU
  1
.
  9
$ELEVATION
 40
0.0
  9
$PELEVATION
 40
0.0
  9
$THICKNESS
 40
0.0
  9
$LIMCHECK
 70
     0
  9
$CHAMFERA
 40
0.0
  9
$CHAMFERB
 40
0.0
  9
$CHAMFERC
 40
0.0
  9
$CHAMFERD
 40
0.0
  9
$SKPOLY
 70
     0
  9
$TDCREATE
 40
2459509.788657407
  9
$TDUCREATE
 40
2459509.455324075
  9
$TDUPDATE
 40
2459510.735115741
  9
$TDUUPDATE
 40
2459510.401782408
  9
$TDINDWG
 40
0.1151504630
  9
$TDUSRTIMER
 40
0.1151504630
  9
$USRTIMER
 70
     1
  9
$ANGBASE
 50
0.0
  9
$ANGDIR
 70
     0
  9
$PDMODE
 70
     0
  9
$PDSIZE
 40
0.0
  9
$PLINEWID
 40
0.0
  9
$SPLFRAME
 70
     0
  9
$SPLINETYPE
 70
     6
  9
$SPLINESEGS
 70
     8
  9
$HANDSEED
  5
3D6A
  9
$SURFTAB1
 70
     6
  9
$SURFTAB2
 70
     6
  9
$SURFTYPE
 70
     6
  9
$SURFU
 70
     6
  9
$SURFV
 70
     6
  9
$UCSBASE
  2

  9
$UCSNAME
  2

  9
$UCSORG
 10
0.0
 20
0.0
 30
0.0
  9
$UCSXDIR
 10
1.0
 20
0.0
 30
0.0
  9
$UCSYDIR
 10
0.0
 20
1.0
 30
0.0
  9
$UCSORTHOREF
  2

  9
$UCSORTHOVIEW
 70
     0
  9
$UCSORGTOP
 10
0.0
 20
0.0
 30
0.0
  9
$UCSORGBOTTOM
 10
0.0
 20
0.0
 30
0.0
  9
$UCSORGLEFT
 10
0.0
 20
0.0
 30
0.0
  9
$UCSORGRIGHT
 10
0.0
 20
0.0
 30
0.0
  9
$UCSORGFRONT
 10
0.0
 20
0.0
 30
0.0
  9
$UCSORGBACK
 10
0.0
 20
0.0
 30
0.0
  9
$PUCSBASE
  2

  9
$PUCSNAME
  2

  9
$PUCSORG
 10
0.0
 20
0.0
 30
0.0
  9
$PUCSXDIR
 10
1.0
 20
0.0
 30
0.0
  9
$PUCSYDIR
 10
0.0
 20
1.0
 30
0.0
  9
$PUCSORTHOREF
  2

  9
$PUCSORTHOVIEW
 70
     0
  9
$PUCSORGTOP
 10
0.0
 20
0.0
 30
0.0
  9
$PUCSORGBOTTOM
 10
0.0
 20
0.0
 30
0.0
  9
$PUCSORGLEFT
 10
0.0
 20
0.0
 30
0.0
  9
$PUCSORGRIGHT
 10
0.0
 20
0.0
 30
0.0
  9
$PUCSORGFRONT
 10
0.0
 20
0.0
 30
0.0
  9
$PUCSORGBACK
 10
0.0
 20
0.0
 30
0.0
  9
$USERI1
 70
     0
  9
$USERI2
 70
     0
  9
$USERI3
 70
     0
  9
$USERI4
 70
     0
  9
$USERI5
 70
     0
  9
$USERR1
 40
0.0
  9
$USERR2
 40
0.0
  9
$USERR3
 40
0.0
  9
$USERR4
 40
0.0
  9
$USERR5
 40
0.0
  9
$WORLDVIEW
 70
     1
  9
$SHADEDGE
 70
     3
  9
$SHADEDIF
 70
    70
  9
$TILEMODE
 70
     1
  9
$MAXACTVP
 70
    64
  9
$PINSBASE
 10
0.0
 20
0.0
 30
0.0
  9
$PLIMCHECK
 70
     0
  9
$PEXTMIN
 10
0.0
 20
0.0
 30
0.0
  9
$PEXTMAX
 10
0.0
 20
0.0
 30
0.0
  9
$PLIMMIN
 10
0.0
 20
0.0
  9
$PLIMMAX
 10
12.0
 20
9.0
  9
$UNITMODE
 70
     0
  9
$VISRETAIN
 70
     1
  9
$PLINEGEN
 70
     0
  9
$PSLTSCALE
 70
     1
  9
$TREEDEPTH
 70
  3020
  9
$CMLSTYLE
  2
Standard
  9
$CMLJUST
 70
     0
  9
$CMLSCALE
 40
20.0
  9
$PROXYGRAPHICS
 70
     1
  9
$MEASUREMENT
 70
     1
  9
$CELWEIGHT
370
    -1
  9
$ENDCAPS
280
     0
  9
$JOINSTYLE
280
     0
  9
$LWDISPLAY
290
     0
  9
$INSUNITS
 70
     4
  9
$HYPERLINKBASE
  1

  9
$STYLESHEET
  1

  9
$XEDIT
290
     1
  9
$CEPSNTYPE
380
     0
  9
$PSTYLEMODE
290
     1
  9
$FINGERPRINTGUID
  2
{9719A027-27BF-9B41-A439-C1A792175577}
  9
$VERSIONGUID
  2
{301E5ED6-B57C-6F4C-9BC1-4F07F77AF5DC}
  9
$EXTNAMES
290
     1
  9
$PSVPSCALE
 40
0.0
  9
$OLESTARTUP
290
     0
  9
$SORTENTS
280
   127
  9
$INDEXCTL
280
     0
  9
$HIDETEXT
280
     1
  9
$XCLIPFRAME
280
     2
  9
$HALOGAP
280
     0
  9
$OBSCOLOR
 70
   257
  9
$OBSLTYPE
280
     0
  9
$INTERSECTIONDISPLAY
280
     0
  9
$INTERSECTIONCOLOR
 70
   257
  9
$DIMASSOC
280
     2
  9
$PROJECTNAME
  1

  9
$CAMERADISPLAY
290
     0
  9
$LENSLENGTH
 40
50.0
  9
$CAMERAHEIGHT
 40
0.0
  9
$STEPSPERSEC
 40
2.0
  9
$STEPSIZE
 40
6.0
  9
$3DDWFPREC
 40
2.0
  9
$PSOLWIDTH
 40
5.0
  9
$PSOLHEIGHT
 40
80.0
  9
$LOFTANG1
 40
1.570796326794896
  9
$LOFTANG2
 40
1.570796326794896
  9
$LOFTMAG1
 40
0.0
  9
$LOFTMAG2
 40
0.0
  9
$LOFTPARAM
 70
     7
  9
$LOFTNORMALS
280
     1
  9
$LATITUDE
 40
37.795
  9
$LONGITUDE
 40
-122.394
  9
$NORTHDIRECTION
 40
0.0
  9
$TIMEZONE
 70
 -8000
  9
$LIGHTGLYPHDISPLAY
280
     1
  9
$TILEMODELIGHTSYNCH
280
     1
  9
$CMATERIAL
347
EC
  9
$SOLIDHIST
280
     0
  9
$SHOWHIST
280
     1
  9
$DWFFRAME
280
     2
  9
$DGNFRAME
280
     0
  9
$REALWORLDSCALE
290
     1
  9
$INTERFERECOLOR
 62
     1
  9
$INTERFEREOBJVS
345
F9
  9
$INTERFEREVPVS
346
F6
  9
$CSHADOW
280
     0
  9
$SHADOWPLANELOCATION
 40
0.0
  0
ENDSEC
  0
SECTION
  2
CLASSES
  0
CLASS
  1
ACDBDICTIONARYWDFLT
  2
AcDbDictionaryWithDefault
  3
ObjectDBX Classes
 90
        0
 91
        1
280
     0
281
     0
  0
CLASS
  1
DICTIONARYVAR
  2
AcDbDictionaryVar
  3
ObjectDBX Classes
 90
        0
 91
       11
280
     0
281
     0
  0
CLASS
  1
TABLESTYLE
  2
AcDbTableStyle
  3
ObjectDBX Classes
 90
     4095
 91
        1
280
     0
281
     0
  0
CLASS
  1
MATERIAL
  2
AcDbMaterial
  3
ObjectDBX Classes
 90
     1153
 91
        3
280
     0
281
     0
  0
CLASS
  1
VISUALSTYLE
  2
AcDbVisualStyle
  3
ObjectDBX Classes
 90
     4095
 91
       24
280
     0
281
     0
  0
CLASS
  1
SCALE
  2
AcDbScale
  3
ObjectDBX Classes
 90
     1153
 91
       17
280
     0
281
     0
  0
CLASS
  1
MLEADERSTYLE
  2
AcDbMLeaderStyle
  3
ACDB_MLEADERSTYLE_CLASS
 90
     4095
 91
        2
280
     0
281
     0
  0
CLASS
  1
CELLSTYLEMAP
  2
AcDbCellStyleMap
  3
ObjectDBX Classes
 90
     1152
 91
        1
280
     0
281
     0
  0
CLASS
  1
EXACXREFPANELOBJECT
  2
ExAcXREFPanelObject
  3
EXAC_ESW
 90
     1025
 91
        0
280
     0
281
     0
  0
CLASS
  1
NPOCOLLECTION
  2
AcDbImpNonPersistentObjectsCollection
  3
ObjectDBX Classes
 90
     1153
 91
        0
280
     0
281
     0
  0
CLASS
  1
LAYER_INDEX
  2
AcDbLayerIndex
  3
ObjectDBX Classes
 90
        0
 91
        0
280
     0
281
     0
  0
CLASS
  1
SPATIAL_INDEX
  2
AcDbSpatialIndex
  3
ObjectDBX Classes
 90
        0
 91
        0
280
     0
281
     0
  0
CLASS
  1
IDBUFFER
  2
AcDbIdBuffer
  3
ObjectDBX Classes
 90
        0
 91
        0
280
     0
281
     0
  0
CLASS
  1
ACDBSECTIONVIEWSTYLE
  2
AcDbSectionViewStyle
  3
ObjectDBX Classes
 90
     1025
 91
        1
280
     0
281
     0
  0
CLASS
  1
ACDBDETAILVIEWSTYLE
  2
AcDbDetailViewStyle
  3
ObjectDBX Classes
 90
     1025
 91
        1
280
     0
281
     0
  0
CLASS
  1
SORTENTSTABLE
  2
AcDbSortentsTable
  3
ObjectDBX Classes
 90
        0
 91
        6
280
     0
281
     0
  0
CLASS
  1
DIMASSOC
  2
AcDbDimAssoc
  3
"AcDbDimAssoc|Product Desc:     AcDim ARX App For Dimension|Company:          Autodesk, Inc.|WEB Address:      www.autodesk.com"
 90
        0
 91
        2
280
     0
281
     0
  0
CLASS
  1
ACARRAYJIGENTITY
  2
AcArrayJigEntity
  3
ACAD_ARRAY
 90
      129
 91
        0
280
     0
281
     1
  0
CLASS
  1
ACDBASSOCNETWORK
  2
AcDbAssocNetwork
  3
ObjectDBX Classes
 90
     1025
 91
        0
280
     0
281
     0
  0
CLASS
  1
ACDBASSOCACTION
  2
AcDbAssocAction
  3
ObjectDBX Classes
 90
     1025
 91
        0
280
     0
281
     0
  0
CLASS
  1
ACDBASSOCARRAYACTIONBODY
  2
AcDbAssocArrayActionBody
  3
ObjectDBX Classes
 90
     1025
 91
        0
280
     0
281
     0
  0
CLASS
  1
ACDBASSOCVERTEXACTIONPARAM
  2
AcDbAssocVertexActionParam
  3
ObjectDBX Classes
 90
     1025
 91
        0
280
     0
281
     0
  0
CLASS
  1
ACDBASSOCEDGEACTIONPARAM
  2
AcDbAssocEdgeActionParam
  3
ObjectDBX Classes
 90
     1025
 91
        0
280
     0
281
     0
  0
CLASS
  1
ACDBASSOCDEPENDENCY
  2
AcDbAssocDependency
  3
ObjectDBX Classes
 90
     1025
 91
        0
280
     0
281
     0
  0
CLASS
  1
ACDBASSOCARRAYPATHPARAMETERS
  2
AcDbAssocArrayPathParameters
  3
ObjectDBX Classes
 90
     1025
 91
        0
280
     0
281
     0
  0
CLASS
  1
SOLID_BACKGROUND
  2
AcDbSolidBackground
  3
SCENEOE
 90
     4095
 91
        0
280
     0
281
     0
  0
ENDSEC
  0
SECTION
  2
TABLES
  0
TABLE
  2
VPORT
  5
8
330
0
100
AcDbSymbolTable
 70
     1
  0
VPORT
  5
EA
330
8
100
AcDbSymbolTableRecord
100
AcDbViewportTableRecord
  2
*Active
 70
     0
 10
0.0
 20
0.0
 11
1.0
 21
1.0
 12
327.3713097871723
 22
90.99214395583954
 13
0.0
 23
0.0
 14
10.0
 24
10.0
 15
10.0
 25
10.0
 16
0.0
 26
0.0
 36
168.7574385841072
 17
-145.7085016540048
 27
25.37895435337948
 37
0.0
 40
1211.487348734107
 41
2.693277310924369
 42
50.0
 43
0.0
 44
0.0
 50
0.0
 51
0.0
 71
     0
 72
  1000
 73
     1
 74
     3
 75
     0
 76
     1
 77
     0
 78
     0
281
     0
 65
     1
110
0.0
120
0.0
130
0.0
111
1.0
121
0.0
131
0.0
112
0.0
122
1.0
132
0.0
 79
     0
146
0.0
348
F5
 60
     3
 61
     5
292
     1
282
     1
141
0.0
142
0.0
 63
   250
421
  3355443
1001
ACAD_NAV_VCDISPLAY
1070
     3
  0
ENDTAB
  0
TABLE
  2
LTYPE
  5
5
330
0
100
AcDbSymbolTable
 70
     1
  0
LTYPE
  5
14
330
5
100
AcDbSymbolTableRecord
100
AcDbLinetypeTableRecord
  2
ByBlock
 70
     0
  3

 72
    65
 73
     0
 40
0.0
  0
LTYPE
  5
15
330
5
100
AcDbSymbolTableRecord
100
AcDbLinetypeTableRecord
  2
ByLayer
 70
     0
  3

 72
    65
 73
     0
 40
0.0
  0
LTYPE
  5
16
330
5
100
AcDbSymbolTableRecord
100
AcDbLinetypeTableRecord
  2
Continuous
 70
     0
  3
Solid line
 72
    65
 73
     0
 40
0.0
  0
ENDTAB
  0
TABLE
  2
LAYER
  5
2
102
{ACAD_XDICTIONARY
360
1FF
102
}
330
0
100
AcDbSymbolTable
 70
     2
  0
LAYER
  5
10
102
{ACAD_XDICTIONARY
360
13C
102
}
330
2
100
AcDbSymbolTableRecord
100
AcDbLayerTableRecord
  2
0
 70
     0
 62
     7
  6
Continuous
370
    -3
390
F
347
EE
348
0
  0
LAYER
  5
BD2
330
2
100
AcDbSymbolTableRecord
100
AcDbLayerTableRecord
  2
Defpoints
 70
     0
 62
     7
  6
Continuous
290
     0
370
    -3
390
F
347
EE
348
0
  0
ENDTAB
  0
TABLE
  2
STYLE
  5
3
330
0
100
AcDbSymbolTable
 70
     2
  0
STYLE
  5
11
330
3
100
AcDbSymbolTableRecord
100
AcDbTextStyleTableRecord
  2
Standard
 70
     0
 40
0.0
 41
1.0
 50
0.0
 71
     0
 42
2.5
  3
arial.ttf
  4

1001
ACAD
1000
Arial
1071
       34
  0
STYLE
  5
132
330
3
100
AcDbSymbolTableRecord
100
AcDbTextStyleTableRecord
  2
Annotative
 70
     0
 40
0.0
 41
1.0
 50
0.0
 71
     0
 42
2.5
  3
arial.ttf
  4

1001
AcadAnnotative
1000
AnnotativeData
1002
{
1070
     1
1070
     1
1002
}
1001
ACAD
1000
Arial
1071
       34
  0
ENDTAB
  0
TABLE
  2
VIEW
  5
6
330
0
100
AcDbSymbolTable
 70
     2
  0
ENDTAB
  0
TABLE
  2
UCS
  5
7
330
0
100
AcDbSymbolTable
 70
     0
  0
ENDTAB
  0
TABLE
  2
APPID
  5
9
330
0
100
AcDbSymbolTable
 70
    11
  0
APPID
  5
12
330
9
100
AcDbSymbolTableRecord
100
AcDbRegAppTableRecord
  2
ACAD
 70
     0
  0
APPID
  5
9E
330
9
100
AcDbSymbolTableRecord
100
AcDbRegAppTableRecord
  2
ACAD_PSEXT
 70
     0
  0
APPID
  5
133
330
9
100
AcDbSymbolTableRecord
100
AcDbRegAppTableRecord
  2
AcadAnnoPO
 70
     0
  0
APPID
  5
134
330
9
100
AcDbSymbolTableRecord
100
AcDbRegAppTableRecord
  2
AcadAnnotative
 70
     0
  0
APPID
  5
135
330
9
100
AcDbSymbolTableRecord
100
AcDbRegAppTableRecord
  2
ACAD_DSTYLE_DIMJAG
 70
     0
  0
APPID
  5
136
330
9
100
AcDbSymbolTableRecord
100
AcDbRegAppTableRecord
  2
ACAD_DSTYLE_DIMTALN
 70
     0
  0
APPID
  5
165
330
9
100
AcDbSymbolTableRecord
100
AcDbRegAppTableRecord
  2
ACAD_MLEADERVER
 70
     0
  0
APPID
  5
217
330
9
100
AcDbSymbolTableRecord
100
AcDbRegAppTableRecord
  2
ACAD_NAV_VCDISPLAY
 70
     0
  0
APPID
  5
BCF
330
9
100
AcDbSymbolTableRecord
100
AcDbRegAppTableRecord
  2
Acad_TC
 70
     0
  0
APPID
  5
C9D
330
9
100
AcDbSymbolTableRecord
100
AcDbRegAppTableRecord
  2
ACAD_EXEMPT_FROM_CAD_STANDARDS
 70
     0
  0
APPID
  5
F69
330
9
100
AcDbSymbolTableRecord
100
AcDbRegAppTableRecord
  2
ACAD_DSTYLE_DIMRADIAL_EXTENSION
 70
     0
  0
ENDTAB
  0
TABLE
  2
DIMSTYLE
  5
A
330
0
100
AcDbSymbolTable
 70
     3
100
AcDbDimStyleTable
 71
     2
340
27
340
137
  0
DIMSTYLE
105
1B0
330
A
100
AcDbSymbolTableRecord
100
AcDbDimStyleTableRecord
  2
Standard
 70
     0
340
11
  0
DIMSTYLE
105
137
330
A
100
AcDbSymbolTableRecord
100
AcDbDimStyleTableRecord
  2
Annotative
 70
     0
 40
0.0
 41
2.5
 42
0.625
 43
3.75
 44
1.25
 73
     0
 74
     0
 77
     1
 78
     8
140
2.5
141
2.5
143
0.03937007874016
147
0.625
171
     3
172
     1
271
     2
272
     2
274
     3
278
    44
283
     0
284
     8
340
11
1001
AcadAnnotative
1000
AnnotativeData
1002
{
1070
     1
1070
     1
1002
}
1001
ACAD_DSTYLE_DIMJAG
1070
   388
1040
1.5
1001
ACAD_DSTYLE_DIMTALN
1070
   392
1070
     0
  0
DIMSTYLE
105
27
102
{ACAD_REACTORS
330
3BCE
330
3BDB
102
}
330
A
100
AcDbSymbolTableRecord
100
AcDbDimStyleTableRecord
  2
ISO-25
 70
     0
 41
2.5
 42
0.625
 43
3.75
 44
1.25
 73
     0
 74
     0
 77
     1
 78
     8
140
2.5
141
2.5
143
0.03937007874016
147
0.625
171
     3
172
     1
271
     2
272
     2
274
     3
278
    44
283
     0
284
     8
340
11
  0
ENDTAB
  0
TABLE
  2
BLOCK_RECORD
  5
1
330
0
100
AcDbSymbolTable
 70
    28
  0
BLOCK_RECORD
  5
1F
102
{ACAD_XDICTIONARY
360
1CE
102
}
330
1
100
AcDbSymbolTableRecord
100
AcDbBlockTableRecord
  2
*Model_Space
340
22
 70
     0
280
     1
281
     0
  0
BLOCK_RECORD
  5
D2
330
1
100
AcDbSymbolTableRecord
100
AcDbBlockTableRecord
  2
*Paper_Space
340
D3
 70
     0
280
     1
281
     0
  0
BLOCK_RECORD
  5
D6
330
1
100
AcDbSymbolTableRecord
100
AcDbBlockTableRecord
  2
*Paper_Space0
340
D7
 70
     0
280
     1
281
     0
  0
BLOCK_RECORD
  5
2A23
102
{ACAD_XDICTIONARY
360
2A7F
102
}
330
1
100
AcDbSymbolTableRecord
100
AcDbBlockTableRecord
  2
A$C270b33cd
340
0
 70
     4
280
     1
281
     0
  0
BLOCK_RECORD
  5
32C8
102
{ACAD_XDICTIONARY
360
32DC
102
}
330
1
100
AcDbSymbolTableRecord
100
AcDbBlockTableRecord
  2
A$C49b3736c
340
0
 70
     4
280
     1
281
     0
  0
BLOCK_RECORD
  5
360E
330
1
100
AcDbSymbolTableRecord
100
AcDbBlockTableRecord
  2
*D19
340
0
 70
     0
280
     1
281
     0
  0
BLOCK_RECORD
  5
361B
330
1
100
AcDbSymbolTableRecord
100
AcDbBlockTableRecord
  2
*D20
340
0
 70
     0
280
     1
281
     0
  0
BLOCK_RECORD
  5
3BCF
330
1
100
AcDbSymbolTableRecord
100
AcDbBlockTableRecord
  2
*D21
340
0
 70
     0
280
     1
281
     0
  0
BLOCK_RECORD
  5
3BDC
330
1
100
AcDbSymbolTableRecord
100
AcDbBlockTableRecord
  2
*D22
340
0
 70
     0
280
     1
281
     0
  0
BLOCK_RECORD
  5
3CD5
330
1
100
AcDbSymbolTableRecord
100
AcDbBlockTableRecord
  2
*D23
340
0
 70
     0
280
     1
281
     0
  0
BLOCK_RECORD
  5
3CF1
330
1
100
AcDbSymbolTableRecord
100
AcDbBlockTableRecord
  2
*D24
340
0
 70
     0
280
     1
281
     0
  0
ENDTAB
  0
ENDSEC
  0
SECTION
  2
BLOCKS
  0
BLOCK
  5
20
330
1F
100
AcDbEntity
  8
0
100
AcDbBlockBegin
  2
*Model_Space
 70
     0
 10
0.0
 20
0.0
 30
0.0
  3
*Model_Space
  1

  0
ENDBLK
  5
21
330
1F
100
AcDbEntity
  8
0
100
AcDbBlockEnd
  0
BLOCK
  5
D4
330
D2
100
AcDbEntity
 67
     1
  8
0
100
AcDbBlockBegin
  2
*Paper_Space
 70
     0
 10
0.0
 20
0.0
 30
0.0
  3
*Paper_Space
  1

  0
ENDBLK
  5
D5
330
D2
100
AcDbEntity
 67
     1
  8
0
100
AcDbBlockEnd
  0
BLOCK
  5
D8
330
D6
100
AcDbEntity
 67
     1
  8
0
100
AcDbBlockBegin
  2
*Paper_Space0
 70
     0
 10
0.0
 20
0.0
 30
0.0
  3
*Paper_Space0
  1

  0
ENDBLK
  5
D9
330
D6
100
AcDbEntity
 67
     1
  8
0
100
AcDbBlockEnd
  0
BLOCK
  5
2A81
330
2A23
100
AcDbEntity
  8
0
100
AcDbBlockBegin
  2
A$C270b33cd
 70
     0
 10
0.0
 20
0.0
 30
0.0
  3
A$C270b33cd
  1

  0
ARC
  5
2A24
330
2A23
100
AcDbEntity
  8
0
100
AcDbCircle
 10
3.963431126198841
 20
9.943897130306098
 30
0.0
 40
5.06336212030296
100
AcDbArc
 50
276.5839348356806
 51
309.3001328708834
  0
LINE
  5
2A25
330
2A23
100
AcDbEntity
  8
0
100
AcDbLine
 10
7.170476930894608
 20
6.025671362448619
 30
0.0
 11
8.257527144302756
 21
7.26091831029575
 31
0.0
  0
ARC
  5
2A26
330
2A23
100
AcDbEntity
  8
0
100
AcDbCircle
 10
16.08994123651072
 20
16.16111949911141
 30
0.0
 40
11.85581257076941
100
AcDbArc
 50
228.6513627806724
 51
239.1977767002004
  0
LINE
  5
2A27
330
2A23
100
AcDbEntity
  8
0
100
AcDbLine
 10
10.01886184094101
 20
5.977687529195634
 30
0.0
 11
9.190083464343061
 21
4.587521519774014
 31
0.0
  0
ARC
  5
2A28
330
2A23
100
AcDbEntity
  8
0
100
AcDbCircle
 10
13.78000451321084
 20
2.690877455334188
 30
0.0
 40
4.96635016304875
100
AcDbArc
 50
157.5486404122087
 51
191.3721834293837
  0
ARC
  5
2A29
330
2A23
100
AcDbEntity
  8
0
100
AcDbCircle
 10
11.29940976483092
 20
5.578885774954642
 30
0.0
 40
4.545283259354954
100
AcDbArc
 50
238.3024644191188
 51
254.9194673305704
  0
ARC
  5
2A2A
330
2A23
100
AcDbEntity
  8
0
100
AcDbCircle
 10
7.540595163723466
 20
5.54910823044139
 30
0.0
 40
5.06336212030217
100
AcDbArc
 50
300.5839348356858
 51
333.3001328708852
  0
LINE
  5
2A2B
330
2A23
100
AcDbEntity
  8
0
100
AcDbLine
 10
12.06406328668579
 20
3.274053922989693
 30
0.0
 11
12.55471287443744
 21
4.844651315918781
 31
0.0
  0
ARC
  5
2A2C
330
2A23
100
AcDbEntity
  8
0
100
AcDbCircle
 10
16.08994123651219
 20
16.16111949911192
 30
0.0
 40
11.85581257077052
100
AcDbArc
 50
252.6513627806736
 51
263.1977767001998
  0
LINE
  5
2A2D
330
2A23
100
AcDbEntity
  8
0
100
AcDbLine
 10
14.68570916613569
 20
4.388761026581192
 30
0.0
 11
14.49401390079228
 21
2.781686648553787
 31
0.0
  0
ARC
  5
2A2E
330
2A23
100
AcDbEntity
  8
0
100
AcDbCircle
 10
19.45855006580417
 20
2.915905158119954
 30
0.0
 40
4.966350163049431
100
AcDbArc
 50
181.5486404122145
 51
215.3721834293861
  0
ARC
  5
2A2F
330
2A23
100
AcDbEntity
  8
0
100
AcDbCircle
 10
16.01775519207321
 20
4.545283259353823
 30
0.0
 40
4.545283259353827
100
AcDbArc
 50
262.3024644190969
 51
278.9194673305502
  0
ARC
  5
2A30
330
2A23
100
AcDbEntity
  8
0
100
AcDbCircle
 10
12.5960188056037
 20
2.98923248602621
 30
0.0
 40
5.063362120302001
100
AcDbArc
 50
324.5839348356831
 51
357.3001328708884
  0
LINE
  5
2A31
330
2A23
100
AcDbEntity
  8
0
100
AcDbLine
 10
17.65376051395493
 20
2.750727196957896
 30
0.0
 11
17.46317170491593
 21
4.385104477302235
 31
0.0
  0
ARC
  5
2A32
330
2A23
100
AcDbEntity
  8
0
100
AcDbCircle
 10
16.08994123651308
 20
16.1611194991106
 30
0.0
 40
11.85581257076908
100
AcDbArc
 50
276.6513627806691
 51
287.1977767001972
  0
LINE
  5
2A33
330
2A23
100
AcDbEntity
  8
0
100
AcDbLine
 10
19.59536097334622
 20
4.835382252386793
 30
0.0
 11
20.07389467213233
 21
3.289277265526862
 31
0.0
  0
ARC
  5
2A34
330
2A23
100
AcDbEntity
  8
0
100
AcDbCircle
 10
24.55463254896162
 20
5.431150749457401
 30
0.0
 40
4.966350163049059
100
AcDbArc
 50
205.5486404122101
 51
239.3721834293849
  0
ARC
  5
2A35
330
2A23
100
AcDbEntity
  8
0
100
AcDbCircle
 10
20.74858224218815
 20
5.520164356169132
 30
0.0
 40
4.545283259354238
100
AcDbArc
 50
286.3024644190916
 51
302.9194673305418
  0
ARC
  5
2A36
330
2A23
100
AcDbEntity
  8
0
100
AcDbCircle
 10
18.25557337707627
 20
2.706895669010691
 30
0.0
 40
5.06336212030254
100
AcDbArc
 50
348.5839348356839
 51
21.300132870889
  0
LINE
  5
2A37
330
2A23
100
AcDbEntity
  8
0
100
AcDbLine
 10
22.97305918130202
 20
4.546179129558154
 30
0.0
 11
22.13418651200061
 21
5.961737617694666
 31
0.0
  0
ARC
  5
2A38
330
2A23
100
AcDbEntity
  8
0
100
AcDbCircle
 10
16.08994123651116
 20
16.1611194991148
 30
0.0
 40
11.85581257077379
100
AcDbArc
 50
300.6513627806736
 51
311.1977767001974
  0
LINE
  5
2A39
330
2A23
100
AcDbEntity
  8
0
100
AcDbLine
 10
23.89889386231982
 20
7.240326339244205
 30
0.0
 11
24.96491370137313
 21
6.022526341702345
 31
0.0
  0
ARC
  5
2A3A
330
2A23
100
AcDbEntity
  8
0
100
AcDbCircle
 10
28.1870930048906
 20
9.801705416316181
 30
0.0
 40
4.966350163048846
100
AcDbArc
 50
229.5486404122102
 51
263.3721834293804
  0
ARC
  5
2A3B
330
2A23
100
AcDbEntity
  8
0
100
AcDbCircle
 10
24.67388793999554
 20
8.334963267241377
 30
0.0
 40
4.545283259354406
100
AcDbArc
 50
310.3024644190996
 51
326.9194673305562
  0
ARC
  5
2A3C
330
2A23
100
AcDbEntity
  8
0
100
AcDbCircle
 10
23.54067047729626
 20
4.750916380006998
 30
0.0
 40
5.063362120301889
100
AcDbArc
 50
12.58393483568266
 51
45.30013287088713
  0
LINE
  5
2A3D
330
2A23
100
AcDbEntity
  8
0
100
AcDbLine
 10
27.10220422483182
 20
8.349959770475265
 30
0.0
 11
25.76009640070842
 21
9.301936543859596
 31
0.0
  0
ARC
  5
2A3E
330
2A23
100
AcDbEntity
  8
0
100
AcDbCircle
 10
16.08994123651219
 20
16.16111949911354
 30
0.0
 40
11.85581257077207
100
AcDbArc
 50
324.6513627806697
 51
335.1977767001979
  0
LINE
  5
2A3F
330
2A23
100
AcDbEntity
  8
0
100
AcDbLine
 10
26.85218790018365
 20
11.18775660630453
 30
0.0
 11
28.32136936484547
 21
10.50883028102177
 31
0.0
  0
ARC
  5
2A40
330
2A23
100
AcDbEntity
  8
0
100
AcDbCircle
 10
29.7278460208922
 20
15.27186055155451
 30
0.0
 40
4.966350163048869
100
AcDbArc
 50
253.5486404122185
 51
287.3721834293952
  0
ARC
  5
2A41
330
2A23
100
AcDbEntity
  8
0
100
AcDbCircle
 10
27.11495127006509
 20
12.50297568920187
 30
0.0
 40
4.545283259353312
100
AcDbArc
 50
334.3024644190994
 51
350.9194673305481
  0
ARC
  5
2A42
330
2A23
100
AcDbEntity
  8
0
100
AcDbCircle
 10
27.53746880403317
 20
8.767864868736808
 30
0.0
 40
5.063362120302588
100
AcDbArc
 50
36.58393483568221
 51
69.30013287088584
  0
LINE
  5
2A43
330
2A23
100
AcDbEntity
  8
0
100
AcDbLine
 10
29.32722895441239
 20
13.5043608906321
 30
0.0
 11
27.71394861092544
 21
13.8281505167089
 31
0.0
  0
ARC
  5
2A44
330
2A23
100
AcDbEntity
  8
0
100
AcDbCircle
 10
16.08994123651308
 20
16.16111949911303
 30
0.0
 40
11.85581257077104
100
AcDbArc
 50
348.6513627806703
 51
359.1977767001982
  0
LINE
  5
2A45
330
2A23
100
AcDbEntity
  8
0
100
AcDbLine
 10
27.94459171795725
 20
15.99512649911487
 30
0.0
 11
29.56289998589294
 21
15.97246637558457
 31
0.0
  0
ARC
  5
2A46
330
2A23
100
AcDbEntity
  8
0
100
AcDbCircle
 10
28.91048140320029
 20
20.89577663748953
 30
0.0
 40
4.966350163049463
100
AcDbArc
 50
277.5486404122134
 51
311.3721834293887
  0
ARC
  5
2A47
330
2A23
100
AcDbEntity
  8
0
100
AcDbCircle
 10
27.6496902062615
 20
17.3035144090893
 30
0.0
 40
4.545283259352443
100
AcDbArc
 50
358.3024644190987
 51
14.9194673305535
  0
ARC
  5
2A48
330
2A23
100
AcDbEntity
  8
0
100
AcDbCircle
 10
29.5548856168234
 20
14.06317424866879
 30
0.0
 40
5.063362120302595
100
AcDbArc
 50
60.58393483568033
 51
93.30013287088474
  0
LINE
  5
2A49
330
2A23
100
AcDbEntity
  8
0
100
AcDbLine
 10
29.26340638058457
 20
19.11813971008953
 30
0.0
 11
27.65790434531478
 21
18.75775602097339
 31
0.0
  0
ARC
  5
2A4A
330
2A23
100
AcDbEntity
  8
0
100
AcDbCircle
 10
16.08994123651292
 20
16.16111949911385
 30
0.0
 40
11.85581257077115
100
AcDbArc
 50
12.65136278066709
 51
23.19777670019516
  0
LINE
  5
2A4B
330
2A23
100
AcDbEntity
  8
0
100
AcDbLine
 10
26.98721877137055
 20
20.83119808962414
 30
0.0
 11
28.4748336411849
 21
21.46872230906526
 31
0.0
  0
ARC
  5
2A4C
330
2A23
100
AcDbEntity
  8
0
100
AcDbCircle
 10
25.87632891973714
 20
25.70102749118867
 30
0.0
 40
4.966350163048818
100
AcDbArc
 50
301.5486404122122
 51
335.3721834293885
  0
ARC
  5
2A4D
330
2A23
100
AcDbEntity
  8
0
100
AcDbCircle
 10
26.18564352856397
 20
21.90652267071123
 30
0.0
 40
4.545283259352944
100
AcDbArc
 50
22.30246441908423
 51
38.91946733053773
  0
ARC
  5
2A4E
330
2A23
100
AcDbEntity
  8
0
100
AcDbCircle
 10
29.24409122107845
 20
19.72123742163661
 30
0.0
 40
5.063362120302836
100
AcDbArc
 50
84.58393483568
 51
117.3001328708848
  0
LINE
  5
2A4F
330
2A23
100
AcDbEntity
  8
0
100
AcDbLine
 10
26.92177200617286
 20
24.22062287138394
 30
0.0
 11
25.60165416654645
 21
23.23837948090663
 31
0.0
  0
ARC
  5
2A50
330
2A23
100
AcDbEntity
  8
0
100
AcDbCircle
 10
16.08994123650866
 20
16.16111949911014
 30
0.0
 40
11.85581257077665
100
AcDbArc
 50
36.65136278066959
 51
47.19777670019368
  0
LINE
  5
2A51
330
2A23
100
AcDbEntity
  8
0
100
AcDbLine
 10
24.14560754034822
 20
24.85977066550196
 30
0.0
 11
25.24530688649382
 21
26.04724549864775
 31
0.0
  0
ARC
  5
2A52
330
2A23
100
AcDbEntity
  8
0
100
AcDbCircle
 10
21.15002109930278
 20
28.8567415857154
 30
0.0
 40
4.966350163049058
100
AcDbArc
 50
325.5486404122148
 51
359.3721834293898
  0
ARC
  5
2A53
330
2A23
100
AcDbEntity
  8
0
100
AcDbCircle
 10
22.97595820799599
 20
25.51609852861421
 30
0.0
 40
4.545283259352179
100
AcDbArc
 50
46.30246441908957
 51
62.91946733054247
  0
ARC
  5
2A54
330
2A23
100
AcDbEntity
  8
0
100
AcDbCircle
 10
26.6588247913006
 20
24.76372386314513
 30
0.0
 40
5.06336212030206
100
AcDbArc
 50
108.5839348356762
 51
141.3001328708857
  0
LINE
  5
2A55
330
2A23
100
AcDbEntity
  8
0
100
AcDbLine
 10
22.70721568759363
 20
27.92954468132327
 30
0.0
 11
21.90074241097629
 21
26.49528039509896
 31
0.0
  0
ARC
  5
2A56
330
2A23
100
AcDbEntity
  8
0
100
AcDbCircle
 10
16.08994123651426
 20
16.16111949911811
 30
0.0
 40
11.85581257076665
100
AcDbArc
 50
60.65136278066456
 51
71.19777670019878
  0
LINE
  5
2A57
330
2A23
100
AcDbEntity
  8
0
100
AcDbLine
 10
19.91109842196184
 20
27.38426742994621
 30
0.0
 11
20.43273423703508
 21
28.91636769027512
 31
0.0
  0
ARC
  5
2A58
330
2A23
100
AcDbEntity
  8
0
100
AcDbCircle
 10
15.54877950120991
 20
29.81726728536232
 30
0.0
 40
4.966350163049061
100
AcDbArc
 50
349.5486404122148
 51
23.37218342939138
  0
ARC
  5
2A59
330
2A23
100
AcDbEntity
  8
0
100
AcDbCircle
 10
18.57561799555795
 20
27.50811352499769
 30
0.0
 40
4.545283259353974
100
AcDbArc
 50
70.30246441910498
 51
86.91946733055493
  0
ARC
  5
2A5A
330
2A23
100
AcDbEntity
  8
0
100
AcDbCircle
 10
22.24610237960714
 20
28.31874185790444
 30
0.0
 40
5.063362120302034
100
AcDbArc
 50
132.583934835678
 51
165.3001328708852
  0
LINE
  5
2A5B
330
2A23
100
AcDbEntity
  8
0
100
AcDbLine
 10
17.34847250037126
 20
29.603598864472
 30
0.0
 11
17.19509034286953
 21
27.96531100747119
 31
0.0
  0
ARC
  5
2A5C
330
2A23
100
AcDbEntity
  8
0
100
AcDbCircle
 10
16.08994123651264
 20
16.16111949911598
 30
0.0
 40
11.8558125707691
100
AcDbArc
 50
84.65136278066934
 51
95.1977767001999
  0
LINE
  5
2A5D
330
2A23
100
AcDbEntity
  8
0
100
AcDbLine
 10
15.01587651208803
 20
27.96817995805127
 30
0.0
 11
14.86925322475004
 21
29.57999159185899
 31
0.0
  0
ARC
  5
2A5E
330
2A23
100
AcDbEntity
  8
0
100
AcDbCircle
 10
10.04110968345065
 20
28.41652097055915
 30
0.0
 40
4.966350163049189
100
AcDbArc
 50
13.54864041221528
 51
47.37218342938972
  0
ARC
  5
2A5F
330
2A23
100
AcDbEntity
  8
0
100
AcDbCircle
 10
13.74548168981619
 20
27.538130170104
 30
0.0
 40
4.54528325935335
100
AcDbArc
 50
94.30246441909824
 51
110.9194673305486
  0
ARC
  5
2A60
330
2A23
100
AcDbEntity
  8
0
100
AcDbCircle
 10
16.76892377930444
 20
29.77159649829737
 30
0.0
 40
5.063362120302006
100
AcDbArc
 50
156.583934835682
 51
189.3001328708854
  0
LINE
  5
2A61
330
2A23
100
AcDbEntity
  8
0
100
AcDbLine
 10
11.77211782423018
 20
28.95332624425926
 30
0.0
 11
12.29834795430928
 21
27.39428967033483
 31
0.0
  0
ARC
  5
2A62
330
2A23
100
AcDbEntity
  8
0
100
AcDbCircle
 10
16.08994123651175
 20
16.16111949911369
 30
0.0
 40
11.85581257077113
100
AcDbArc
 50
108.6513627806663
 51
119.1977767001983
  0
LINE
  5
2A63
330
2A23
100
AcDbEntity
  8
0
100
AcDbLine
 10
10.30637015063863
 20
26.51054446902903
 30
0.0
 11
9.516840259301318
 21
27.92337060198101
 31
0.0
  0
ARC
  5
2A64
330
2A23
100
AcDbEntity
  8
0
100
AcDbCircle
 10
5.579337793125745
 20
24.89670440451582
 30
0.0
 40
4.966350163049043
100
AcDbArc
 50
37.54864041221516
 51
71.37218342938826
  0
ARC
  5
2A65
330
2A23
100
AcDbEntity
  8
0
100
AcDbCircle
 10
9.320723738418521
 20
25.60095831333266
 30
0.0
 40
4.545283259310082
100
AcDbArc
 50
118.3024644190088
 51
134.9194673304553
  0
ARC
  5
2A66
330
2A23
100
AcDbEntity
  8
0
100
AcDbCircle
 10
11.17434292901109
 20
28.87107601821815
 30
0.0
 40
5.06336212031329
100
AcDbArc
 50
180.583934835449
 51
213.3001328706515
  0
LINE
  5
2A67
330
2A23
100
AcDbEntity
  8
0
100
AcDbLine
 10
6.942354042266956
 20
26.09116486426062
 30
0.0
 11
8.057206489785698
 21
24.88095116044699
 31
0.0
  0
ARC
  5
2A68
330
2A23
100
AcDbEntity
  8
0
100
AcDbCircle
 10
16.08994123651324
 20
16.16111949911163
 30
0.0
 40
11.85581257077347
100
AcDbArc
 50
132.651362780667
 51
143.1977767001955
  0
LINE
  5
2A69
330
2A23
100
AcDbEntity
  8
0
100
AcDbLine
 10
6.596895772031089
 20
23.26339938113436
 30
0.0
 11
5.300976167559994
 21
24.23294953972058
 31
0.0
  0
ARC
  5
2A6A
330
2A23
100
AcDbEntity
  8
0
100
AcDbCircle
 10
2.934944723996892
 20
19.86642584803135
 30
0.0
 40
4.966350163048558
100
AcDbArc
 50
61.54864041221541
 51
95.37218342939276
  0
ARC
  5
2A6B
330
2A23
100
AcDbEntity
  8
0
100
AcDbCircle
 10
6.066424988861385
 20
22.03155256729771
 30
0.0
 40
4.545283259309473
100
AcDbArc
 50
142.302464419014
 51
158.9194673304685
  0
ARC
  5
2A6C
330
2A23
100
AcDbEntity
  8
0
100
AcDbCircle
 10
6.429713682877888
 20
25.77288858967405
 30
0.0
 40
5.063362120312659
100
AcDbArc
 50
204.5839348354541
 51
237.3001328706634
  0
LINE
  5
2A6D
330
2A23
100
AcDbEntity
  8
0
100
AcDbLine
 10
3.694291189409696
 20
21.5120084289977
 30
0.0
 11
5.204997838075399
 21
20.85987453913083
 31
0.0
  0
ARC
  5
2A6E
330
2A23
100
AcDbEntity
  8
0
100
AcDbCircle
 10
16.0899412365147
 20
16.16111949911119
 30
0.0
 40
11.85581257077461
100
AcDbArc
 50
156.6513627806651
 51
167.1977767001926
  0
LINE
  5
2A6F
330
2A23
100
AcDbEntity
  8
0
100
AcDbLine
 10
4.528855195842595
 20
18.78820557945072
 30
0.0
 11
2.950622150911172
 21
19.14683573316529
 31
0.0
  0
ARC
  5
2A70
330
2A23
100
AcDbEntity
  8
0
100
AcDbCircle
 10
2.565170061273235
 20
14.19546616216696
 30
0.0
 40
4.966350163048759
100
AcDbArc
 50
85.54864041221646
 51
119.3721834293887
  0
ARC
  5
2A71
330
2A23
100
AcDbEntity
  8
0
100
AcDbCircle
 10
4.545283259310593
 20
17.44709561256157
 30
0.0
 40
4.545283259310586
100
AcDbArc
 50
166.3024644190015
 51
182.9194673304534
  0
ARC
  5
2A72
330
2A23
100
AcDbEntity
  8
0
100
AcDbCircle
 10
3.355425541180778
 20
21.01273896519022
 30
0.0
 40
5.063362120311929
100
AcDbArc
 50
228.5839348354524
 51
261.3001328706657
  0
LINE
  5
2A73
330
2A23
100
AcDbEntity
  8
0
100
AcDbLine
 10
2.589548840641512
 20
16.00763468645827
 30
0.0
 11
4.234894786561014
 21
16.02634048454607
 31
0.0
  0
ARC
  5
2A74
330
2A23
100
AcDbEntity
  8
0
100
AcDbCircle
 10
16.08994123651205
 20
16.16111949911354
 30
0.0
 40
11.85581257077153
100
AcDbArc
 50
180.6513627806723
 51
191.1977767002009
  0
LINE
  5
2A75
330
2A23
100
AcDbEntity
  8
0
100
AcDbLine
 10
4.459831425255657
 20
13.85876472814919
 30
0.0
 11
2.872175771129263
 21
13.54446446536192
 31
0.0
  0
ARC
  5
2A76
330
2A23
100
AcDbEntity
  8
0
100
AcDbCircle
 10
4.533951203437112
 20
8.864385795660368
 30
0.0
 40
4.966350163049065
100
AcDbArc
 50
109.5486404122153
 51
143.3721834293897
  0
ARC
  5
2A77
330
2A23
100
AcDbEntity
  8
0
100
AcDbCircle
 10
5.020317773941556
 20
12.64028170508669
 30
0.0
 40
4.545283259310389
100
AcDbArc
 50
190.3024644190225
 51
206.9194673304718
  0
ARC
  5
2A78
330
2A23
100
AcDbEntity
  8
0
100
AcDbCircle
 10
2.48305085265045
 20
15.41370025944359
 30
0.0
 40
5.063362120312578
100
AcDbArc
 50
252.5839348354515
 51
285.3001328706589
  0
LINE
  5
2A79
330
2A23
100
AcDbEntity
  8
0
100
AcDbLine
 10
3.819146984333784
 20
10.52979986239241
 30
0.0
 11
5.314636965959394
 21
11.21611094600904
 31
0.0
  0
ARC
  5
2A7A
330
2A23
100
AcDbEntity
  8
0
100
AcDbCircle
 10
16.08994123651324
 20
16.16111949911392
 30
0.0
 40
11.85581257077288
100
AcDbArc
 50
204.6513627806713
 51
215.1977767001964
  0
LINE
  5
2A7B
330
2A23
100
AcDbEntity
  8
0
100
AcDbLine
 10
6.401759297265343
 20
9.327421932984179
 30
0.0
 11
5.079201119941686
 21
8.394536624459078
 31
0.0
  0
ARC
  5
2A7C
330
2A23
100
AcDbEntity
  8
0
100
AcDbCircle
 10
8.500868005192998
 20
4.794976975226461
 30
0.0
 40
4.966350163048228
100
AcDbArc
 50
133.5486404122114
 51
167.3721834293923
  0
ARC
  5
2A7D
330
2A23
100
AcDbEntity
  8
0
100
AcDbCircle
 10
7.409390749656338
 20
8.442252638033735
 30
0.0
 40
4.545283259353555
100
AcDbArc
 50
214.3024644190904
 51
230.9194673305424
  0
CIRCLE
  5
2A7E
330
2A23
100
AcDbEntity
  8
0
100
AcDbCircle
 10
16.08994123651219
 20
16.16111949911354
 30
0.0
 40
4.299999999999999
  0
ENDBLK
  5
2A82
330
2A23
100
AcDbEntity
  8
0
100
AcDbBlockEnd
  0
BLOCK
  5
32DE
330
32C8
100
AcDbEntity
  8
0
100
AcDbBlockBegin
  2
A$C49b3736c
 70
     0
 10
0.0
 20
0.0
 30
0.0
  3
A$C49b3736c
  1

  0
LINE
  5
32C9
330
32C8
100
AcDbEntity
  8
0
100
AcDbLine
 10
29.95298185090179
 20
10.0
 30
0.0
 11
29.95298185090179
 21
15.0
 31
0.0
  0
LINE
  5
32CA
330
32C8
100
AcDbEntity
  8
0
100
AcDbLine
 10
29.95298185090179
 20
19.99999999999994
 30
0.0
 11
29.95298185090179
 21
27.38001229831565
 31
0.0
  0
LINE
  5
32CB
330
32C8
100
AcDbEntity
  8
0
100
AcDbLine
 10
29.95298185090179
 20
20.0
 30
0.0
 11
24.95298560961944
 21
20.0
 31
0.0
  0
LINE
  5
32CC
330
32C8
100
AcDbEntity
  8
0
100
AcDbLine
 10
24.95298560961944
 20
10.0
 30
0.0
 11
24.95298560961944
 21
5.0
 31
0.0
  0
LINE
  5
32CD
330
32C8
100
AcDbEntity
  8
0
100
AcDbLine
 10
24.95298560961944
 20
5.0
 30
0.0
 11
29.95298560961943
 21
5.0
 31
0.0
  0
LINE
  5
32CE
330
32C8
100
AcDbEntity
  8
0
100
AcDbLine
 10
24.95298560961944
 20
10.0
 30
0.0
 11
29.95298560961943
 21
10.0
 31
0.0
  0
LINE
  5
32CF
330
32C8
100
AcDbEntity
  8
0
100
AcDbLine
 10
29.95298560961943
 20
15.0
 30
0.0
 11
24.95298560961944
 21
15.0
 31
0.0
  0
LINE
  5
32D0
330
32C8
100
AcDbEntity
  8
0
100
AcDbLine
 10
24.95298560961944
 20
15.0
 30
0.0
 11
24.95298560961944
 21
20.0
 31
0.0
  0
LINE
  5
32D1
330
32C8
100
AcDbEntity
  8
0
100
AcDbLine
 10
29.95298560961943
 20
5.0
 30
0.0
 11
29.95298560961943
 21
0.0
 31
0.0
  0
LINE
  5
32D2
330
32C8
100
AcDbEntity
  8
0
100
AcDbLine
 10
18.4353078613524
 20
15.25659127432112
 30
0.0
 11
18.43530786135228
 21
10.25659127432112
 31
0.0
  0
LINE
  5
32D3
330
32C8
100
AcDbEntity
  8
0
100
AcDbLine
 10
13.43531162007004
 20
10.25659127432118
 30
0.0
 11
18.43531162007004
 21
10.25659127432118
 31
0.0
  0
LINE
  5
32D4
330
32C8
100
AcDbEntity
  8
0
100
AcDbLine
 10
18.43531162007004
 20
10.25659127432112
 30
0.0
 11
18.43531162007004
 21
15.25659127432112
 31
0.0
  0
LINE
  5
32D5
330
32C8
100
AcDbEntity
  8
0
100
AcDbLine
 10
18.43531162007004
 20
15.25659127432118
 30
0.0
 11
13.43531162007004
 21
15.25659127432118
 31
0.0
  0
LINE
  5
32D6
330
32C8
100
AcDbEntity
  8
0
100
AcDbLine
 10
13.43531162007004
 20
15.25659127432118
 30
0.0
 11
13.43531162007004
 21
20.25659127432118
 31
0.0
  0
LINE
  5
32D7
330
32C8
100
AcDbEntity
  8
0
100
AcDbLine
 10
13.43531162007004
 20
20.25659127432118
 30
0.0
 11
0.0
 21
20.25659127432115
 31
0.0
  0
LINE
  5
32D8
330
32C8
100
AcDbEntity
  8
0
100
AcDbLine
 10
0.0000000000000142
 20
20.25659127432115
 30
0.0
 11
0.0
 21
5.298185759225816
 31
0.0
  0
LINE
  5
32D9
330
32C8
100
AcDbEntity
  8
0
100
AcDbLine
 10
0.0000000000000284
 20
5.29818575922583
 30
0.0
 11
13.63984072165023
 21
5.29818575922583
 31
0.0
  0
LINE
  5
32DA
330
32C8
100
AcDbEntity
  8
0
100
AcDbLine
 10
13.43531162007004
 20
5.256591274321181
 30
0.0
 11
13.43531162007004
 21
10.25659127432118
 31
0.0
  0
CIRCLE
  5
32DB
330
32C8
100
AcDbEntity
  8
0
100
AcDbCircle
 10
7.363083821061096
 20
12.65464901048882
 30
0.0
 40
3.0
  0
ENDBLK
  5
32DF
330
32C8
100
AcDbEntity
  8
0
100
AcDbBlockEnd
  0
BLOCK
  5
360F
330
360E
100
AcDbEntity
  8
0
100
AcDbBlockBegin
  2
*D19
 70
     1
 10
0.0
 20
0.0
 30
0.0
  3
*D19
  1

  0
LINE
  5
365D
330
360E
100
AcDbEntity
  8
0
 62
     0
440
 16777216
370
    -2
100
AcDbLine
 10
35.54182752343614
 20
44.03836927412529
 30
0.0
 11
35.54182752343616
 21
271.5254862846942
 31
0.0
  0
LINE
  5
365E
330
360E
100
AcDbEntity
  8
0
 62
     0
440
 16777216
370
    -2
100
AcDbLine
 10
310.7387493671259
 20
44.03836927412529
 30
0.0
 11
310.7387493671259
 21
271.5254862846942
 31
0.0
  0
LINE
  5
365F
330
360E
100
AcDbEntity
  8
0
 62
     0
440
 16777216
370
    -2
100
AcDbLine
 10
38.04182752343616
 20
270.2754862846942
 30
0.0
 11
308.2387493671259
 21
270.2754862846942
 31
0.0
  0
SOLID
  5
3660
330
360E
100
AcDbEntity
  8
0
 62
     0
440
 16777216
100
AcDbTrace
 10
38.04182752343616
 20
270.6921529513609
 30
0.0
 11
38.04182752343616
 21
269.8588196180275
 31
0.0
 12
35.54182752343616
 22
270.2754862846942
 32
0.0
 13
35.54182752343616
 23
270.2754862846942
 33
0.0
  0
SOLID
  5
3661
330
360E
100
AcDbEntity
  8
0
 62
     0
440
 16777216
100
AcDbTrace
 10
308.2387493671259
 20
270.6921529513609
 30
0.0
 11
308.2387493671259
 21
269.8588196180275
 31
0.0
 12
310.7387493671259
 22
270.2754862846942
 32
0.0
 13
310.7387493671259
 23
270.2754862846942
 33
0.0
  0
MTEXT
  5
3662
330
360E
100
AcDbEntity
  8
0
 62
     0
440
 16777216
100
AcDbMText
 10
173.140288445281
 20
272.4028737335346
 30
0.0
 40
2.5
 41
0.0
 46
0.0
 71
     5
 72
     1
  1
275,2
 73
     1
 44
1.0
  0
POINT
  5
3663
330
360E
100
AcDbEntity
  8
Defpoints
 62
     0
440
 16777216
100
AcDbPoint
 10
35.54182752343614
 20
43.41336927412529
 30
0.0
  0
POINT
  5
3664
330
360E
100
AcDbEntity
  8
Defpoints
 62
     0
440
 16777216
100
AcDbPoint
 10
310.7387493671259
 20
43.41336927412529
 30
0.0
  0
POINT
  5
3665
330
360E
100
AcDbEntity
  8
Defpoints
 62
     0
440
 16777216
100
AcDbPoint
 10
310.7387493671259
 20
270.2754862846942
 30
0.0
  0
ENDBLK
  5
3610
330
360E
100
AcDbEntity
  8
0
100
AcDbBlockEnd
  0
BLOCK
  5
361C
330
361B
100
AcDbEntity
  8
0
100
AcDbBlockBegin
  2
*D20
 70
     1
 10
0.0
 20
0.0
 30
0.0
  3
*D20
  1

  0
LINE
  5
3678
330
361B
100
AcDbEntity
  8
0
 62
     0
440
 16777216
370
    -2
100
AcDbLine
 10
1.853315179297283
 20
207.809460238848
 30
0.0
 11
415.0017492431798
 21
207.809460238848
 31
0.0
  0
LINE
  5
3679
330
361B
100
AcDbEntity
  8
0
 62
     0
440
 16777216
370
    -2
100
AcDbLine
 10
1.853315179297253
 20
53.62968302496675
 30
0.0
 11
415.0017492431799
 21
53.62968302496682
 31
0.0
  0
LINE
  5
367A
330
361B
100
AcDbEntity
  8
0
 62
     0
440
 16777216
370
    -2
100
AcDbLine
 10
413.7517492431798
 20
205.309460238848
 30
0.0
 11
413.7517492431799
 21
56.12968302496682
 31
0.0
  0
SOLID
  5
367B
330
361B
100
AcDbEntity
  8
0
 62
     0
440
 16777216
100
AcDbTrace
 10
413.3350825765131
 20
205.309460238848
 30
0.0
 11
414.1684159098465
 21
205.309460238848
 31
0.0
 12
413.7517492431798
 22
207.809460238848
 32
0.0
 13
413.7517492431798
 23
207.809460238848
 33
0.0
  0
SOLID
  5
367C
330
361B
100
AcDbEntity
  8
0
 62
     0
440
 16777216
100
AcDbTrace
 10
413.3350825765132
 20
56.12968302496682
 30
0.0
 11
414.1684159098465
 21
56.12968302496682
 31
0.0
 12
413.7517492431799
 22
53.62968302496682
 32
0.0
 13
413.7517492431799
 23
53.62968302496682
 33
0.0
  0
MTEXT
  5
367D
330
361B
100
AcDbEntity
  8
0
 62
     0
440
 16777216
100
AcDbMText
 10
411.6243617943394
 20
130.7195716319072
 30
0.0
 40
2.5
 41
0.0
 46
0.0
 71
     5
 72
     1
  1
154,18
 11
0.0000000000000001
 21
1.0
 31
0.0
 73
     1
 44
1.0
  0
POINT
  5
367E
330
361B
100
AcDbEntity
  8
Defpoints
 62
     0
440
 16777216
100
AcDbPoint
 10
1.228315179297283
 20
207.809460238848
 30
0.0
  0
POINT
  5
367F
330
361B
100
AcDbEntity
  8
Defpoints
 62
     0
440
 16777216
100
AcDbPoint
 10
1.228315179297253
 20
53.62968302496675
 30
0.0
  0
POINT
  5
3680
330
361B
100
AcDbEntity
  8
Defpoints
 62
     0
440
 16777216
100
AcDbPoint
 10
413.7517492431799
 20
53.62968302496682
 30
0.0
  0
ENDBLK
  5
361D
330
361B
100
AcDbEntity
  8
0
100
AcDbBlockEnd
  0
BLOCK
  5
3BD0
330
3BCF
100
AcDbEntity
  8
0
100
AcDbBlockBegin
  2
*D21
 70
     1
 10
0.0
 20
0.0
 30
0.0
  3
*D21
  1

  0
LINE
  5
3BD2
330
3BCF
100
AcDbEntity
  8
0
 62
     0
440
 16777216
370
    -2
100
AcDbLine
 10
739.1275027137118
 20
390.7339502334135
 30
0.0
 11
739.1275027137118
 21
453.5248587323668
 31
0.0
  0
LINE
  5
3BD3
330
3BCF
100
AcDbEntity
  8
0
 62
     0
440
 16777216
370
    -2
100
AcDbLine
 10
998.9951836872961
 20
390.7339502334135
 30
0.0
 11
998.9951836872961
 21
453.5248587323668
 31
0.0
  0
LINE
  5
3BD4
330
3BCF
100
AcDbEntity
  8
0
 62
     0
440
 16777216
370
    -2
100
AcDbLine
 10
741.6275027137118
 20
452.2748587323667
 30
0.0
 11
996.4951836872961
 21
452.2748587323667
 31
0.0
  0
SOLID
  5
3BD5
330
3BCF
100
AcDbEntity
  8
0
 62
     0
440
 16777216
100
AcDbTrace
 10
741.6275027137118
 20
452.6915253990335
 30
0.0
 11
741.6275027137118
 21
451.8581920657001
 31
0.0
 12
739.1275027137118
 22
452.2748587323667
 32
0.0
 13
739.1275027137118
 23
452.2748587323667
 33
0.0
  0
SOLID
  5
3BD6
330
3BCF
100
AcDbEntity
  8
0
 62
     0
440
 16777216
100
AcDbTrace
 10
996.4951836872961
 20
452.6915253990335
 30
0.0
 11
996.4951836872961
 21
451.8581920657001
 31
0.0
 12
998.9951836872961
 22
452.2748587323667
 32
0.0
 13
998.9951836872961
 23
452.2748587323667
 33
0.0
  0
MTEXT
  5
3BD7
330
3BCF
100
AcDbEntity
  8
0
 62
     0
440
 16777216
100
AcDbMText
 10
869.061343200504
 20
454.4022461812072
 30
0.0
 40
2.5
 41
0.0
 46
0.0
 71
     5
 72
     1
  1
259,87
 73
     1
 44
1.0
  0
POINT
  5
3BD8
330
3BCF
100
AcDbEntity
  8
Defpoints
 62
     0
440
 16777216
100
AcDbPoint
 10
739.1275027137118
 20
390.1089502334135
 30
0.0
  0
POINT
  5
3BD9
330
3BCF
100
AcDbEntity
  8
Defpoints
 62
     0
440
 16777216
100
AcDbPoint
 10
998.9951836872961
 20
390.1089502334135
 30
0.0
  0
POINT
  5
3BDA
330
3BCF
100
AcDbEntity
  8
Defpoints
 62
     0
440
 16777216
100
AcDbPoint
 10
998.9951836872961
 20
452.2748587323667
 30
0.0
  0
ENDBLK
  5
3BD1
330
3BCF
100
AcDbEntity
  8
0
100
AcDbBlockEnd
  0
BLOCK
  5
3BDD
330
3BDC
100
AcDbEntity
  8
0
100
AcDbBlockBegin
  2
*D22
 70
     1
 10
0.0
 20
0.0
 30
0.0
  3
*D22
  1

  0
LINE
  5
3BE8
330
3BDC
100
AcDbEntity
  8
0
 62
     0
440
 16777216
370
    -2
100
AcDbLine
 10
729.1251799876439
 20
433.425299672753
 30
0.0
 11
1106.34196894836
 21
433.425299672753
 31
0.0
  0
LINE
  5
3BE9
330
3BDC
100
AcDbEntity
  8
0
 62
     0
440
 16777216
370
    -2
100
AcDbLine
 10
729.1251799876438
 20
17.509680668326
 30
0.0
 11
1106.34196894836
 21
17.50968066832606
 31
0.0
  0
LINE
  5
3BEA
330
3BDC
100
AcDbEntity
  8
0
 62
     0
440
 16777216
370
    -2
100
AcDbLine
 10
1105.09196894836
 20
430.9252996727531
 30
0.0
 11
1105.09196894836
 21
20.00968066832606
 31
0.0
  0
SOLID
  5
3BEB
330
3BDC
100
AcDbEntity
  8
0
 62
     0
440
 16777216
100
AcDbTrace
 10
1104.675302281693
 20
430.9252996727531
 30
0.0
 11
1105.508635615026
 21
430.9252996727531
 31
0.0
 12
1105.09196894836
 22
433.425299672753
 32
0.0
 13
1105.09196894836
 23
433.425299672753
 33
0.0
  0
SOLID
  5
3BEC
330
3BDC
100
AcDbEntity
  8
0
 62
     0
440
 16777216
100
AcDbTrace
 10
1104.675302281693
 20
20.00968066832606
 30
0.0
 11
1105.508635615026
 21
20.00968066832606
 31
0.0
 12
1105.09196894836
 22
17.50968066832606
 32
0.0
 13
1105.09196894836
 23
17.50968066832606
 33
0.0
  0
MTEXT
  5
3BED
330
3BDC
100
AcDbEntity
  8
0
 62
     0
440
 16777216
100
AcDbMText
 10
1102.964581499519
 20
225.4674901705392
 30
0.0
 40
2.5
 41
0.0
 46
0.0
 71
     5
 72
     1
  1
415,92
 11
0.0000000000000001
 21
1.0
 31
0.0
 73
     1
 44
1.0
  0
POINT
  5
3BEE
330
3BDC
100
AcDbEntity
  8
Defpoints
 62
     0
440
 16777216
100
AcDbPoint
 10
728.500179987644
 20
433.425299672753
 30
0.0
  0
POINT
  5
3BEF
330
3BDC
100
AcDbEntity
  8
Defpoints
 62
     0
440
 16777216
100
AcDbPoint
 10
728.5001799876438
 20
17.509680668326
 30
0.0
  0
POINT
  5
3BF0
330
3BDC
100
AcDbEntity
  8
Defpoints
 62
     0
440
 16777216
100
AcDbPoint
 10
1105.09196894836
 20
17.50968066832606
 30
0.0
  0
ENDBLK
  5
3BDE
330
3BDC
100
AcDbEntity
  8
0
100
AcDbBlockEnd
  0
BLOCK
  5
3CD6
330
3CD5
100
AcDbEntity
  8
0
100
AcDbBlockBegin
  2
*D23
 70
     1
 10
0.0
 20
0.0
 30
0.0
  3
*D23
  1

  0
LINE
  5
3CE4
330
3CD5
100
AcDbEntity
  8
0
 62
     0
440
 16777216
370
    -2
100
AcDbLine
 10
212.7504583291456
 20
161.8188632066734
 30
0.0
 11
212.7504583291456
 21
151.8702343327182
 31
0.0
  0
LINE
  5
3CE5
330
3CD5
100
AcDbEntity
  8
0
 62
     0
440
 16777216
370
    -2
100
AcDbLine
 10
215.4842997482051
 20
161.8188632066734
 30
0.0
 11
215.4842997482051
 21
151.8702343327182
 31
0.0
  0
LINE
  5
3CE6
330
3CD5
100
AcDbEntity
  8
0
 62
     0
440
 16777216
370
    -2
100
AcDbLine
 10
210.2504583291456
 20
153.1202343327182
 30
0.0
 11
207.7504583291456
 21
153.1202343327182
 31
0.0
  0
LINE
  5
3CE7
330
3CD5
100
AcDbEntity
  8
0
 62
     0
440
 16777216
370
    -2
100
AcDbLine
 10
217.9842997482051
 20
153.1202343327182
 30
0.0
 11
228.2707936090509
 21
153.1202343327182
 31
0.0
  0
LINE
  5
3CE8
330
3CD5
100
AcDbEntity
  8
0
 62
     0
440
 16777216
370
    -2
100
AcDbLine
 10
212.7504583291456
 20
153.1202343327182
 30
0.0
 11
215.4842997482051
 21
153.1202343327182
 31
0.0
  0
SOLID
  5
3CE9
330
3CD5
100
AcDbEntity
  8
0
 62
     0
440
 16777216
100
AcDbTrace
 10
210.2504583291456
 20
153.5369009993848
 30
0.0
 11
210.2504583291456
 21
152.7035676660515
 31
0.0
 12
212.7504583291456
 22
153.1202343327182
 32
0.0
 13
212.7504583291456
 23
153.1202343327182
 33
0.0
  0
SOLID
  5
3CEA
330
3CD5
100
AcDbEntity
  8
0
 62
     0
440
 16777216
100
AcDbTrace
 10
217.9842997482051
 20
153.5369009993848
 30
0.0
 11
217.9842997482051
 21
152.7035676660515
 31
0.0
 12
215.4842997482051
 22
153.1202343327182
 32
0.0
 13
215.4842997482051
 23
153.1202343327182
 33
0.0
  0
MTEXT
  5
3CEB
330
3CD5
100
AcDbEntity
  8
0
 62
     0
440
 16777216
100
AcDbMText
 10
224.377546678628
 20
155.2476217815586
 30
0.0
 40
2.5
 41
0.0
 46
0.0
 71
     5
 72
     1
  1
2,73
 73
     1
 44
1.0
  0
POINT
  5
3CEC
330
3CD5
100
AcDbEntity
  8
Defpoints
 62
     0
440
 16777216
100
AcDbPoint
 10
212.7504583291456
 20
162.4438632066734
 30
0.0
  0
POINT
  5
3CED
330
3CD5
100
AcDbEntity
  8
Defpoints
 62
     0
440
 16777216
100
AcDbPoint
 10
215.4842997482051
 20
162.4438632066734
 30
0.0
  0
POINT
  5
3CEE
330
3CD5
100
AcDbEntity
  8
Defpoints
 62
     0
440
 16777216
100
AcDbPoint
 10
215.4842997482051
 20
153.1202343327182
 30
0.0
  0
ENDBLK
  5
3CD7
330
3CD5
100
AcDbEntity
  8
0
100
AcDbBlockEnd
  0
BLOCK
  5
3CF2
330
3CF1
100
AcDbEntity
  8
0
100
AcDbBlockBegin
  2
*D24
 70
     1
 10
0.0
 20
0.0
 30
0.0
  3
*D24
  1

  0
LINE
  5
3D00
330
3CF1
100
AcDbEntity
  8
0
 62
     0
440
 16777216
370
    -2
100
AcDbLine
 10
252.2253929381488
 20
107.7716935341216
 30
0.0
 11
251.3354460716843
 21
116.3475630030739
 31
0.0
  0
LINE
  5
3D01
330
3CF1
100
AcDbEntity
  8
0
 62
     0
440
 16777216
370
    -2
100
AcDbLine
 10
253.612641422243
 20
107.9156529828862
 30
0.0
 11
252.7226945557784
 21
116.4915224518385
 31
0.0
  0
LINE
  5
3D02
330
3CF1
100
AcDbEntity
  8
0
 62
     0
440
 16777216
370
    -2
100
AcDbLine
 10
248.9778233053034
 20
114.8461919991435
 30
0.0
 11
246.4911766906267
 21
114.5881443025516
 31
0.0
  0
LINE
  5
3D03
330
3CF1
100
AcDbEntity
  8
0
 62
     0
440
 16777216
370
    -2
100
AcDbLine
 10
255.3383650187512
 20
115.506246841092
 30
0.0
 11
265.2985211724907
 21
116.5398458004289
 31
0.0
  0
LINE
  5
3D04
330
3CF1
100
AcDbEntity
  8
0
 62
     0
440
 16777216
370
    -2
100
AcDbLine
 10
251.4644699199803
 20
115.1042396957355
 30
0.0
 11
252.8517184040744
 21
115.2481991445001
 31
0.0
  0
SOLID
  5
3D05
330
3CF1
100
AcDbEntity
  8
0
 62
     0
440
 16777216
100
AcDbTrace
 10
248.9348153558715
 20
115.2606331015897
 30
0.0
 11
249.0208312547354
 21
114.4317508966974
 31
0.0
 12
251.4644699199803
 22
115.1042396957355
 32
0.0
 13
251.4644699199803
 23
115.1042396957355
 33
0.0
  0
SOLID
  5
3D06
330
3CF1
100
AcDbEntity
  8
0
 62
     0
440
 16777216
100
AcDbTrace
 10
255.2953570693192
 20
115.9206879435382
 30
0.0
 11
255.3813729681831
 21
115.0918057386459
 31
0.0
 12
252.8517184040744
 22
115.2481991445001
 32
0.0
 13
252.8517184040744
 23
115.2481991445001
 33
0.0
  0
MTEXT
  5
3D07
330
3CF1
100
AcDbEntity
  8
0
 62
     0
440
 16777216
100
AcDbMText
 10
261.3421794305866
 20
118.2680944881624
 30
0.0
 40
2.5
 41
0.0
 46
0.0
 71
     5
 72
     1
  1
1,39
 11
0.9946586458707201
 21
0.1032190786367778
 31
0.0
 73
     1
 44
1.0
  0
POINT
  5
3D08
330
3CF1
100
AcDbEntity
  8
Defpoints
 62
     0
440
 16777216
100
AcDbPoint
 10
252.2899048622968
 20
107.1500318804524
 30
0.0
  0
POINT
  5
3D09
330
3CF1
100
AcDbEntity
  8
Defpoints
 62
     0
440
 16777216
100
AcDbPoint
 10
253.6771533463909
 20
107.293991329217
 30
0.0
  0
POINT
  5
3D0A
330
3CF1
100
AcDbEntity
  8
Defpoints
 62
     0
440
 16777216
100
AcDbPoint
 10
252.8517184040744
 20
115.2481991445001
 30
0.0
  0
ENDBLK
  5
3CF3
330
3CF1
100
AcDbEntity
  8
0
100
AcDbBlockEnd
  0
ENDSEC
  0
SECTION
  2
ENTITIES
  0
LINE
  5
345B
330
1F
100
AcDbEntity
  8
0
100
AcDbLine
 10
773.3902276829084
 20
300.7868719886492
 30
0.0
 11
773.3902276829084
 21
303.7868719886493
 31
0.0
  0
LINE
  5
345C
330
1F
100
AcDbEntity
  8
0
100
AcDbLine
 10
768.3902276829083
 20
303.7868719886493
 30
0.0
 11
768.3902276829083
 21
300.7868719886492
 31
0.0
  0
LINE
  5
345D
330
1F
100
AcDbEntity
  8
0
100
AcDbLine
 10
768.3902276829083
 20
300.7868719886492
 30
0.0
 11
763.3902276829084
 21
300.7868719886492
 31
0.0
  0
LINE
  5
345E
330
1F
100
AcDbEntity
  8
0
100
AcDbLine
 10
763.3902276829084
 20
300.7868719886492
 30
0.0
 11
763.3902276829084
 21
287.3515603685792
 31
0.0
  0
LINE
  5
345F
330
1F
100
AcDbEntity
  8
0
100
AcDbLine
 10
763.3902276829084
 20
287.3515603685792
 30
0.0
 11
778.3486331980038
 21
287.3515603685792
 31
0.0
  0
LINE
  5
3460
330
1F
100
AcDbEntity
  8
0
100
AcDbLine
 10
778.3486331980038
 20
287.3515603685792
 30
0.0
 11
778.3486331980038
 21
300.9914010902294
 31
0.0
  0
LINE
  5
3461
330
1F
100
AcDbEntity
  8
0
100
AcDbLine
 10
778.3902276829084
 20
300.7868719886492
 30
0.0
 11
773.3902276829084
 21
300.7868719886492
 31
0.0
  0
CIRCLE
  5
3462
330
1F
100
AcDbEntity
  8
0
100
AcDbCircle
 10
770.9921699467408
 20
294.7146441896403
 30
0.0
 40
3.0
  0
LWPOLYLINE
  5
3463
330
1F
100
AcDbEntity
  8
0
100
AcDbPolyline
 90
        4
 70
     0
 43
0.0
 10
768.3902276829083
 20
300.7868719886492
 10
768.3902276829083
 20
303.7868719886493
 10
773.3902276829084
 20
303.7868719886493
 10
773.3902276829084
 20
300.7868719886492
  0
LINE
  5
3473
330
1F
100
AcDbEntity
  8
0
100
AcDbLine
 10
801.5876935518086
 20
349.4981424441744
 30
0.0
 11
804.5876935518087
 21
349.4981424441744
 31
0.0
  0
LINE
  5
3474
330
1F
100
AcDbEntity
  8
0
100
AcDbLine
 10
804.5876935518087
 20
354.4981424441744
 30
0.0
 11
801.5876935518086
 21
354.4981424441744
 31
0.0
  0
LINE
  5
3475
330
1F
100
AcDbEntity
  8
0
100
AcDbLine
 10
801.5876935518086
 20
354.4981424441744
 30
0.0
 11
801.5876935518086
 21
359.4981424441745
 31
0.0
  0
LINE
  5
3476
330
1F
100
AcDbEntity
  8
0
100
AcDbLine
 10
801.5876935518086
 20
359.4981424441745
 30
0.0
 11
788.1523819317386
 21
359.4981424441745
 31
0.0
  0
LINE
  5
3477
330
1F
100
AcDbEntity
  8
0
100
AcDbLine
 10
788.1523819317386
 20
359.4981424441745
 30
0.0
 11
788.1523819317386
 21
344.5397369290791
 31
0.0
  0
LINE
  5
3478
330
1F
100
AcDbEntity
  8
0
100
AcDbLine
 10
788.1523819317386
 20
344.5397369290791
 30
0.0
 11
801.7922226533888
 21
344.5397369290791
 31
0.0
  0
LINE
  5
3479
330
1F
100
AcDbEntity
  8
0
100
AcDbLine
 10
801.5876935518086
 20
344.4981424441745
 30
0.0
 11
801.5876935518086
 21
349.4981424441744
 31
0.0
  0
CIRCLE
  5
347A
330
1F
100
AcDbEntity
  8
0
100
AcDbCircle
 10
795.5154657527997
 20
351.8962001803422
 30
0.0
 40
3.0
  0
LWPOLYLINE
  5
347B
330
1F
100
AcDbEntity
  8
0
100
AcDbPolyline
 90
        4
 70
     0
 43
0.0
 10
801.5876935518086
 20
354.4981424441744
 10
804.5876935518087
 20
354.4981424441744
 10
804.5876935518087
 20
349.4981424441744
 10
801.5876935518086
 20
349.4981424441744
  0
LINE
  5
348B
330
1F
100
AcDbEntity
  8
0
100
AcDbLine
 10
801.4339828775687
 20
329.9204461907498
 30
0.0
 11
804.4339828775688
 21
329.9204461907498
 31
0.0
  0
LINE
  5
348C
330
1F
100
AcDbEntity
  8
0
100
AcDbLine
 10
804.4339828775688
 20
334.9204461907498
 30
0.0
 11
801.4339828775687
 21
334.9204461907498
 31
0.0
  0
LINE
  5
348D
330
1F
100
AcDbEntity
  8
0
100
AcDbLine
 10
801.4339828775687
 20
334.9204461907498
 30
0.0
 11
801.4339828775687
 21
339.9204461907498
 31
0.0
  0
LINE
  5
348E
330
1F
100
AcDbEntity
  8
0
100
AcDbLine
 10
801.4339828775687
 20
339.9204461907498
 30
0.0
 11
787.9986712574988
 21
339.9204461907498
 31
0.0
  0
LINE
  5
348F
330
1F
100
AcDbEntity
  8
0
100
AcDbLine
 10
787.9986712574988
 20
339.9204461907498
 30
0.0
 11
787.9986712574988
 21
324.9620406756545
 31
0.0
  0
LINE
  5
3490
330
1F
100
AcDbEntity
  8
0
100
AcDbLine
 10
787.9986712574988
 20
324.9620406756545
 30
0.0
 11
801.638511979149
 21
324.9620406756545
 31
0.0
  0
LINE
  5
3491
330
1F
100
AcDbEntity
  8
0
100
AcDbLine
 10
801.4339828775687
 20
324.9204461907498
 30
0.0
 11
801.4339828775687
 21
329.9204461907498
 31
0.0
  0
CIRCLE
  5
3492
330
1F
100
AcDbEntity
  8
0
100
AcDbCircle
 10
795.3617550785598
 20
332.3185039269175
 30
0.0
 40
3.0
  0
LWPOLYLINE
  5
3493
330
1F
100
AcDbEntity
  8
0
100
AcDbPolyline
 90
        4
 70
     0
 43
0.0
 10
801.4339828775687
 20
334.9204461907498
 10
804.4339828775688
 20
334.9204461907498
 10
804.4339828775688
 20
329.9204461907498
 10
801.4339828775687
 20
329.9204461907498
  0
LINE
  5
376C
330
1F
100
AcDbEntity
  8
0
100
AcDbLine
 10
984.31351079522
 20
234.8710643103459
 30
0.0
 11
984.31351079522
 21
227.2510766086617
 31
0.0
  0
LINE
  5
376D
330
1F
100
AcDbEntity
  8
0
100
AcDbLine
 10
984.31351079522
 20
227.2510766086617
 30
0.0
 11
789.4098559593491
 21
227.2510766086617
 31
0.0
  0
LINE
  5
376E
330
1F
100
AcDbEntity
  8
0
100
AcDbLine
 10
789.4098525172637
 20
299.871064310346
 30
0.0
 11
789.4098525172637
 21
304.871064310346
 31
0.0
  0
LINE
  5
376F
330
1F
100
AcDbEntity
  8
0
100
AcDbLine
 10
789.4098525172637
 20
309.8710643103459
 30
0.0
 11
789.4098525172637
 21
317.2510766086617
 31
0.0
  0
LINE
  5
3770
330
1F
100
AcDbEntity
  8
0
100
AcDbLine
 10
789.4098525172637
 20
317.2510766086617
 30
0.0
 11
984.3135073531346
 21
317.2510766086617
 31
0.0
  0
LINE
  5
3771
330
1F
100
AcDbEntity
  8
0
100
AcDbLine
 10
984.3135073531346
 20
317.2510766086617
 30
0.0
 11
984.3135073531346
 21
309.8710643103459
 31
0.0
  0
LINE
  5
3772
330
1F
100
AcDbEntity
  8
0
100
AcDbLine
 10
789.4098525172637
 20
309.871064310346
 30
0.0
 11
786.4098525172637
 21
309.871064310346
 31
0.0
  0
LINE
  5
3773
330
1F
100
AcDbEntity
  8
0
100
AcDbLine
 10
786.4098525172637
 20
294.871064310346
 30
0.0
 11
789.4098562759814
 21
294.871064310346
 31
0.0
  0
LINE
  5
3774
330
1F
100
AcDbEntity
  8
0
100
AcDbLine
 10
786.4098525172637
 20
299.871064310346
 30
0.0
 11
789.4098562759814
 21
299.871064310346
 31
0.0
  0
LINE
  5
3775
330
1F
100
AcDbEntity
  8
0
100
AcDbLine
 10
789.4098562759814
 20
304.871064310346
 30
0.0
 11
786.4098525172637
 21
304.871064310346
 31
0.0
  0
LINE
  5
3776
330
1F
100
AcDbEntity
  8
0
100
AcDbLine
 10
789.4098565019774
 20
238.4567091786711
 30
0.0
 11
789.4098559593491
 21
227.2510766086617
 31
0.0
  0
LINE
  5
3777
330
1F
100
AcDbEntity
  8
0
100
AcDbLine
 10
789.409853059912
 20
243.4567091786711
 30
0.0
 11
789.409853059912
 21
248.4567091786711
 31
0.0
  0
LINE
  5
3778
330
1F
100
AcDbEntity
  8
0
100
AcDbLine
 10
789.409853059912
 20
253.4567091786711
 30
0.0
 11
786.4098674615054
 21
253.4567091786711
 31
0.0
  0
LINE
  5
3779
330
1F
100
AcDbEntity
  8
0
100
AcDbLine
 10
786.409853059912
 20
238.4567091786711
 30
0.0
 11
789.4098568186296
 21
238.4567091786711
 31
0.0
  0
LINE
  5
377A
330
1F
100
AcDbEntity
  8
0
100
AcDbLine
 10
786.409853059912
 20
243.4567091786711
 30
0.0
 11
789.4098568186296
 21
243.4567091786711
 31
0.0
  0
LINE
  5
377B
330
1F
100
AcDbEntity
  8
0
100
AcDbLine
 10
789.4098563889894
 20
279.1638867454729
 30
0.0
 11
789.409853059912
 21
253.4567091786711
 31
0.0
  0
LINE
  5
377C
330
1F
100
AcDbEntity
  8
0
100
AcDbLine
 10
789.409852728352
 20
299.871064310346
 30
0.0
 11
789.4098526228078
 21
304.871064310346
 31
0.0
  0
LINE
  5
377D
330
1F
100
AcDbEntity
  8
0
100
AcDbLine
 10
984.3135073531346
 20
309.871064310346
 30
0.0
 11
987.3135073531347
 21
309.8710643736725
 31
0.0
  0
LINE
  5
377E
330
1F
100
AcDbEntity
  8
0
100
AcDbLine
 10
987.3135038055053
 20
294.8710643736724
 30
0.0
 11
984.3135039110494
 21
294.8710643103459
 31
0.0
  0
LINE
  5
377F
330
1F
100
AcDbEntity
  8
0
100
AcDbLine
 10
987.3135038055053
 20
299.8710643736724
 30
0.0
 11
984.3135038055052
 21
299.8710643103459
 31
0.0
  0
LINE
  5
3780
330
1F
100
AcDbEntity
  8
0
100
AcDbLine
 10
984.3135036999612
 20
304.871064310346
 30
0.0
 11
987.3135073531347
 21
304.8710643736725
 31
0.0
  0
LINE
  5
3781
330
1F
100
AcDbEntity
  8
0
100
AcDbLine
 10
789.4098604718032
 20
243.4567091786711
 30
0.0
 11
789.409860366259
 21
248.4567091786711
 31
0.0
  0
LINE
  5
3782
330
1F
100
AcDbEntity
  8
0
100
AcDbLine
 10
984.313515096586
 20
253.4567091786712
 30
0.0
 11
987.3135150965859
 21
253.4567092419976
 31
0.0
  0
LINE
  5
3783
330
1F
100
AcDbEntity
  8
0
100
AcDbLine
 10
987.3135115489565
 20
238.4567092419975
 30
0.0
 11
984.3135116545006
 21
238.4567091786711
 31
0.0
  0
LINE
  5
3784
330
1F
100
AcDbEntity
  8
0
100
AcDbLine
 10
987.3135115489565
 20
243.4567092419976
 30
0.0
 11
984.3135115489564
 21
243.4567091786711
 31
0.0
  0
LINE
  5
3785
330
1F
100
AcDbEntity
  8
0
100
AcDbLine
 10
984.3135114434124
 20
248.4567091786711
 30
0.0
 11
987.3135150965859
 21
248.4567092419976
 31
0.0
  0
LINE
  5
3786
330
1F
100
AcDbEntity
  8
0
100
AcDbLine
 10
789.4098525172637
 20
304.8710643103459
 30
0.0
 11
789.4098532703075
 21
299.871064310346
 31
0.0
  0
LINE
  5
3787
330
1F
100
AcDbEntity
  8
0
100
AcDbLine
 10
789.4098540233511
 20
294.871064310346
 30
0.0
 11
789.4098602607149
 21
253.4567091786712
 31
0.0
  0
LINE
  5
3788
330
1F
100
AcDbEntity
  8
0
100
AcDbLine
 10
984.3135036999612
 20
304.871064310346
 30
0.0
 11
984.3135038055052
 21
299.8710643103459
 31
0.0
  0
LINE
  5
3789
330
1F
100
AcDbEntity
  8
0
100
AcDbLine
 10
984.3135073531346
 20
304.8710643103459
 30
0.0
 11
984.3135081061785
 21
299.871064310346
 31
0.0
  0
LINE
  5
378A
330
1F
100
AcDbEntity
  8
0
100
AcDbLine
 10
984.3135088592221
 20
294.871064310346
 30
0.0
 11
984.313515096586
 21
253.4567091786712
 31
0.0
  0
LINE
  5
378B
330
1F
100
AcDbEntity
  8
0
100
AcDbLine
 10
984.3135114434124
 20
248.4567091786711
 30
0.0
 11
984.3135115489564
 21
243.4567091786711
 31
0.0
  0
LINE
  5
378C
330
1F
100
AcDbEntity
  8
0
100
AcDbLine
 10
984.3135116545006
 20
238.4567091786711
 30
0.0
 11
984.31351079522
 21
234.8710643103459
 31
0.0
  0
LWPOLYLINE
  5
378D
330
1F
100
AcDbEntity
  8
0
100
AcDbPolyline
 90
        4
 70
     0
 43
0.0
 10
789.4098525172637
 20
309.8710643103459
 10
786.4098525172637
 20
309.8710643103459
 10
786.4098525172637
 20
304.8710643103459
 10
789.4098525172637
 20
304.8710644862528
  0
LWPOLYLINE
  5
378E
330
1F
100
AcDbEntity
  8
0
100
AcDbPolyline
 90
        4
 70
     0
 43
0.0
 10
789.4098525172637
 20
299.871064310346
 10
786.4098525172637
 20
299.871064310346
 10
786.4098525172637
 20
294.871064310346
 10
789.4098525172637
 20
294.871064310346
  0
LWPOLYLINE
  5
378F
330
1F
100
AcDbEntity
  8
0
100
AcDbPolyline
 90
        4
 70
     0
 43
0.0
 10
789.4098674615179
 20
253.4567091786503
 10
786.4098674615303
 20
253.4567178196139
 10
786.4098530599245
 20
248.4567178196346
 10
789.409853059912
 20
248.4567091786711
  0
LWPOLYLINE
  5
3790
330
1F
100
AcDbEntity
  8
0
100
AcDbPolyline
 90
        4
 70
     0
 43
0.0
 10
789.409853059912
 20
243.4567091786711
 10
786.409853059912
 20
243.4567091786711
 10
786.409853059912
 20
238.4567091786711
 10
789.409853059912
 20
238.4567091786711
  0
LWPOLYLINE
  5
3791
330
1F
100
AcDbEntity
  8
0
100
AcDbPolyline
 90
        5
 70
     0
 43
0.0
 10
984.313515096586
 20
253.4567089294515
 10
984.313515096586
 20
253.4567091786712
 10
987.3135150965859
 20
253.4567091786712
 10
987.3135150965859
 20
248.4567091786711
 10
984.313515096586
 20
248.4567098398783
  0
LWPOLYLINE
  5
3792
330
1F
100
AcDbEntity
  8
0
100
AcDbPolyline
 90
        5
 70
     0
 43
0.0
 10
984.3135115489564
 20
243.4567085106775
 10
984.3135115489564
 20
243.4567091786711
 10
987.3135115489565
 20
243.4567091786711
 10
987.3135115489565
 20
238.4567091786711
 10
984.3135115489564
 20
238.4567092603575
  0
LWPOLYLINE
  5
3793
330
1F
100
AcDbEntity
  8
0
100
AcDbPolyline
 90
        4
 70
     0
 43
0.0
 10
984.3135073531346
 20
309.871064310346
 10
987.3135073531347
 20
309.871064310346
 10
987.3135073531347
 20
304.871064310346
 10
984.3135073531346
 20
304.871064310346
  0
LWPOLYLINE
  5
3794
330
1F
100
AcDbEntity
  8
0
100
AcDbPolyline
 90
        4
 70
     0
 43
0.0
 10
984.3135038055052
 20
299.8710643103459
 10
987.3135038055053
 20
299.8710643103459
 10
987.3135038055053
 20
294.8710643103459
 10
984.3135038055052
 20
294.871065197306
  0
ARC
  5
37C5
330
1F
100
AcDbEntity
  8
0
100
AcDbCircle
 10
1067.914088915397
 20
40.44830920093062
 30
0.0
 40
2.908981285986449
100
AcDbArc
 50
82.30246441909695
 51
98.91946733055016
  0
LINE
  5
37C6
330
1F
100
AcDbEntity
  8
0
100
AcDbLine
 10
984.6152289876679
 20
131.7981538103031
 30
0.0
 11
984.6152289876679
 21
124.1781661086189
 31
0.0
  0
LINE
  5
37C7
330
1F
100
AcDbEntity
  8
0
100
AcDbLine
 10
984.6152289876679
 20
124.1781661086189
 30
0.0
 11
789.711574151797
 21
124.1781661086189
 31
0.0
  0
LINE
  5
37C8
330
1F
100
AcDbEntity
  8
0
100
AcDbLine
 10
789.7115707097116
 20
196.7981538103032
 30
0.0
 11
789.7115707097116
 21
201.7981538103032
 31
0.0
  0
LINE
  5
37C9
330
1F
100
AcDbEntity
  8
0
100
AcDbLine
 10
789.7115707097116
 20
206.7981538103032
 30
0.0
 11
789.7115707097116
 21
214.1781661086189
 31
0.0
  0
LINE
  5
37CA
330
1F
100
AcDbEntity
  8
0
100
AcDbLine
 10
789.7115707097116
 20
214.1781661086189
 30
0.0
 11
984.6152255455825
 21
214.1781661086189
 31
0.0
  0
LINE
  5
37CB
330
1F
100
AcDbEntity
  8
0
100
AcDbLine
 10
984.6152255455825
 20
214.1781661086189
 30
0.0
 11
984.6152255455825
 21
206.7981538103032
 31
0.0
  0
LINE
  5
37CC
330
1F
100
AcDbEntity
  8
0
100
AcDbLine
 10
789.7115707097116
 20
206.7981538103032
 30
0.0
 11
786.7115707097116
 21
206.7981538103032
 31
0.0
  0
LINE
  5
37CD
330
1F
100
AcDbEntity
  8
0
100
AcDbLine
 10
786.7115707097116
 20
191.7981538103032
 30
0.0
 11
789.7115744684293
 21
191.7981538103032
 31
0.0
  0
LINE
  5
37CE
330
1F
100
AcDbEntity
  8
0
100
AcDbLine
 10
786.7115707097116
 20
196.7981538103032
 30
0.0
 11
789.7115744684293
 21
196.7981538103032
 31
0.0
  0
LINE
  5
37CF
330
1F
100
AcDbEntity
  8
0
100
AcDbLine
 10
789.7115744684293
 20
201.7981538103032
 30
0.0
 11
786.7115707097116
 21
201.7981538103032
 31
0.0
  0
LINE
  5
37D0
330
1F
100
AcDbEntity
  8
0
100
AcDbLine
 10
789.7115746944252
 20
135.3837986786283
 30
0.0
 11
789.711574151797
 21
124.1781661086189
 31
0.0
  0
LINE
  5
37D1
330
1F
100
AcDbEntity
  8
0
100
AcDbLine
 10
789.7115712523599
 20
140.3837986786283
 30
0.0
 11
789.7115712523599
 21
145.3837986786283
 31
0.0
  0
LINE
  5
37D2
330
1F
100
AcDbEntity
  8
0
100
AcDbLine
 10
789.7115712523599
 20
150.3837986786283
 30
0.0
 11
786.7115856539533
 21
150.3837986786283
 31
0.0
  0
LINE
  5
37D3
330
1F
100
AcDbEntity
  8
0
100
AcDbLine
 10
786.7115712523599
 20
135.3837986786283
 30
0.0
 11
789.7115750110775
 21
135.3837986786283
 31
0.0
  0
LINE
  5
37D4
330
1F
100
AcDbEntity
  8
0
100
AcDbLine
 10
786.7115712523599
 20
140.3837986786283
 30
0.0
 11
789.7115750110775
 21
140.3837986786283
 31
0.0
  0
LINE
  5
37D5
330
1F
100
AcDbEntity
  8
0
100
AcDbLine
 10
789.7115745814373
 20
176.0909762454301
 30
0.0
 11
789.7115712523599
 21
150.3837986786283
 31
0.0
  0
LINE
  5
37D6
330
1F
100
AcDbEntity
  8
0
100
AcDbLine
 10
789.7115709207999
 20
196.7981538103032
 30
0.0
 11
789.7115708152557
 21
201.7981538103032
 31
0.0
  0
LINE
  5
37D7
330
1F
100
AcDbEntity
  8
0
100
AcDbLine
 10
984.6152255455825
 20
206.7981538103032
 30
0.0
 11
987.6152255455826
 21
206.7981538736297
 31
0.0
  0
LINE
  5
37D8
330
1F
100
AcDbEntity
  8
0
100
AcDbLine
 10
987.6152219979532
 20
191.7981538736296
 30
0.0
 11
984.6152221034973
 21
191.7981538103031
 31
0.0
  0
LINE
  5
37D9
330
1F
100
AcDbEntity
  8
0
100
AcDbLine
 10
987.6152219979532
 20
196.7981538736296
 30
0.0
 11
984.6152219979531
 21
196.7981538103031
 31
0.0
  0
LINE
  5
37DA
330
1F
100
AcDbEntity
  8
0
100
AcDbLine
 10
984.6152218924091
 20
201.7981538103032
 30
0.0
 11
987.6152255455826
 21
201.7981538736297
 31
0.0
  0
LINE
  5
37DB
330
1F
100
AcDbEntity
  8
0
100
AcDbLine
 10
789.711578664251
 20
140.3837986786284
 30
0.0
 11
789.7115785587069
 21
145.3837986786284
 31
0.0
  0
LINE
  5
37DC
330
1F
100
AcDbEntity
  8
0
100
AcDbLine
 10
984.6152332890339
 20
150.3837986786284
 30
0.0
 11
987.6152332890338
 21
150.3837987419549
 31
0.0
  0
LINE
  5
37DD
330
1F
100
AcDbEntity
  8
0
100
AcDbLine
 10
987.6152297414044
 20
135.3837987419548
 30
0.0
 11
984.6152298469485
 21
135.3837986786283
 31
0.0
  0
LINE
  5
37DE
330
1F
100
AcDbEntity
  8
0
100
AcDbLine
 10
987.6152297414044
 20
140.3837987419547
 30
0.0
 11
984.6152297414043
 21
140.3837986786283
 31
0.0
  0
LINE
  5
37DF
330
1F
100
AcDbEntity
  8
0
100
AcDbLine
 10
984.6152296358603
 20
145.3837986786283
 30
0.0
 11
987.6152332890338
 21
145.3837987419549
 31
0.0
  0
LINE
  5
37E0
330
1F
100
AcDbEntity
  8
0
100
AcDbLine
 10
789.7115707097116
 20
201.7981538103032
 30
0.0
 11
789.7115714627553
 21
196.7981538103032
 31
0.0
  0
LINE
  5
37E1
330
1F
100
AcDbEntity
  8
0
100
AcDbLine
 10
789.711572215799
 20
191.7981538103032
 30
0.0
 11
789.7115784531628
 21
150.3837986786284
 31
0.0
  0
LINE
  5
37E2
330
1F
100
AcDbEntity
  8
0
100
AcDbLine
 10
984.6152218924091
 20
201.7981538103032
 30
0.0
 11
984.6152219979531
 21
196.7981538103031
 31
0.0
  0
LINE
  5
37E3
330
1F
100
AcDbEntity
  8
0
100
AcDbLine
 10
984.6152255455825
 20
201.7981538103032
 30
0.0
 11
984.6152262986263
 21
196.7981538103033
 31
0.0
  0
LINE
  5
37E4
330
1F
100
AcDbEntity
  8
0
100
AcDbLine
 10
984.61522705167
 20
191.7981538103032
 30
0.0
 11
984.6152332890339
 21
150.3837986786284
 31
0.0
  0
LINE
  5
37E5
330
1F
100
AcDbEntity
  8
0
100
AcDbLine
 10
984.6152296358603
 20
145.3837986786283
 30
0.0
 11
984.6152297414043
 21
140.3837986786283
 31
0.0
  0
LINE
  5
37E6
330
1F
100
AcDbEntity
  8
0
100
AcDbLine
 10
984.6152298469485
 20
135.3837986786283
 30
0.0
 11
984.6152289876679
 21
131.7981538103031
 31
0.0
  0
LWPOLYLINE
  5
37E7
330
1F
100
AcDbEntity
  8
0
100
AcDbPolyline
 90
        4
 70
     0
 43
0.0
 10
789.7115707097116
 20
206.7981538103032
 10
786.7115707097116
 20
206.7981538103032
 10
786.7115707097116
 20
201.7981538103032
 10
789.7115707097116
 20
201.79815398621
  0
LWPOLYLINE
  5
37E8
330
1F
100
AcDbEntity
  8
0
100
AcDbPolyline
 90
        4
 70
     0
 43
0.0
 10
789.7115707097116
 20
196.7981538103032
 10
786.7115707097116
 20
196.7981538103032
 10
786.7115707097116
 20
191.7981538103032
 10
789.7115707097116
 20
191.7981538103032
  0
LWPOLYLINE
  5
37E9
330
1F
100
AcDbEntity
  8
0
100
AcDbPolyline
 90
        4
 70
     0
 43
0.0
 10
789.7115856539658
 20
150.3837986786076
 10
786.7115856539782
 20
150.3838073195711
 10
786.7115712523724
 20
145.3838073195918
 10
789.7115712523599
 20
145.3837986786283
  0
LWPOLYLINE
  5
37EA
330
1F
100
AcDbEntity
  8
0
100
AcDbPolyline
 90
        4
 70
     0
 43
0.0
 10
789.7115712523599
 20
140.3837986786283
 10
786.7115712523599
 20
140.3837986786283
 10
786.7115712523599
 20
135.3837986786283
 10
789.7115712523599
 20
135.3837986786283
  0
LWPOLYLINE
  5
37EB
330
1F
100
AcDbEntity
  8
0
100
AcDbPolyline
 90
        5
 70
     0
 43
0.0
 10
984.6152332890339
 20
150.3837984294087
 10
984.6152332890339
 20
150.3837986786284
 10
987.6152332890338
 20
150.3837986786284
 10
987.6152332890338
 20
145.3837986786284
 10
984.6152332890339
 20
145.3837993398355
  0
LWPOLYLINE
  5
37EC
330
1F
100
AcDbEntity
  8
0
100
AcDbPolyline
 90
        5
 70
     0
 43
0.0
 10
984.6152297414043
 20
140.3837980106347
 10
984.6152297414043
 20
140.3837986786283
 10
987.6152297414044
 20
140.3837986786283
 10
987.6152297414044
 20
135.3837986786283
 10
984.6152297414043
 20
135.3837987603146
  0
LWPOLYLINE
  5
37ED
330
1F
100
AcDbEntity
  8
0
100
AcDbPolyline
 90
        4
 70
     0
 43
0.0
 10
984.6152255455825
 20
206.7981538103032
 10
987.6152255455826
 20
206.7981538103032
 10
987.6152255455826
 20
201.7981538103032
 10
984.6152255455825
 20
201.7981538103032
  0
LWPOLYLINE
  5
37EE
330
1F
100
AcDbEntity
  8
0
100
AcDbPolyline
 90
        4
 70
     0
 43
0.0
 10
984.6152219979531
 20
196.7981538103031
 10
987.6152219979532
 20
196.7981538103031
 10
987.6152219979532
 20
191.7981538103031
 10
984.6152219979531
 20
191.7981546972632
  0
ARC
  5
381F
330
1F
100
AcDbEntity
  8
0
100
AcDbCircle
 10
783.1691073128531
 20
121.9787526504513
 30
0.0
 40
2.908981285986449
100
AcDbArc
 50
172.3024644190971
 51
188.91946733055
  0
LINE
  5
3820
330
1F
100
AcDbEntity
  8
0
100
AcDbLine
 10
985.0507988364896
 20
31.82006841412847
 30
0.0
 11
985.0507988364896
 21
24.20008071244418
 31
0.0
  0
LINE
  5
3821
330
1F
100
AcDbEntity
  8
0
100
AcDbLine
 10
985.0507988364896
 20
24.20008071244418
 30
0.0
 11
790.1471440006186
 21
24.20008071244418
 31
0.0
  0
LINE
  5
3822
330
1F
100
AcDbEntity
  8
0
100
AcDbLine
 10
790.1471405585332
 20
96.82006841412851
 30
0.0
 11
790.1471405585332
 21
101.8200684141285
 31
0.0
  0
LINE
  5
3823
330
1F
100
AcDbEntity
  8
0
100
AcDbLine
 10
790.1471405585332
 20
106.8200684141284
 30
0.0
 11
790.1471405585332
 21
114.2000807124441
 31
0.0
  0
LINE
  5
3824
330
1F
100
AcDbEntity
  8
0
100
AcDbLine
 10
790.1471405585332
 20
114.2000807124441
 30
0.0
 11
985.0507953944042
 21
114.2000807124441
 31
0.0
  0
LINE
  5
3825
330
1F
100
AcDbEntity
  8
0
100
AcDbLine
 10
985.0507953944042
 20
114.2000807124441
 30
0.0
 11
985.0507953944042
 21
106.8200684141284
 31
0.0
  0
LINE
  5
3826
330
1F
100
AcDbEntity
  8
0
100
AcDbLine
 10
790.1471405585332
 20
106.8200684141285
 30
0.0
 11
787.1471405585332
 21
106.8200684141285
 31
0.0
  0
LINE
  5
3827
330
1F
100
AcDbEntity
  8
0
100
AcDbLine
 10
787.1471405585332
 20
91.82006841412851
 30
0.0
 11
790.1471443172509
 21
91.82006841412851
 31
0.0
  0
LINE
  5
3828
330
1F
100
AcDbEntity
  8
0
100
AcDbLine
 10
787.1471405585332
 20
96.82006841412851
 30
0.0
 11
790.1471443172509
 21
96.82006841412851
 31
0.0
  0
LINE
  5
3829
330
1F
100
AcDbEntity
  8
0
100
AcDbLine
 10
790.1471443172509
 20
101.8200684141285
 30
0.0
 11
787.1471405585332
 21
101.8200684141285
 31
0.0
  0
LINE
  5
382A
330
1F
100
AcDbEntity
  8
0
100
AcDbLine
 10
790.1471445432469
 20
35.40571328245358
 30
0.0
 11
790.1471440006186
 21
24.20008071244418
 31
0.0
  0
LINE
  5
382B
330
1F
100
AcDbEntity
  8
0
100
AcDbLine
 10
790.1471411011815
 20
40.40571328245358
 30
0.0
 11
790.1471411011815
 21
45.40571328245358
 31
0.0
  0
LINE
  5
382C
330
1F
100
AcDbEntity
  8
0
100
AcDbLine
 10
790.1471411011815
 20
50.40571328245359
 30
0.0
 11
787.1471555027749
 21
50.40571328245359
 31
0.0
  0
LINE
  5
382D
330
1F
100
AcDbEntity
  8
0
100
AcDbLine
 10
787.1471411011815
 20
35.40571328245359
 30
0.0
 11
790.1471448598991
 21
35.40571328245359
 31
0.0
  0
LINE
  5
382E
330
1F
100
AcDbEntity
  8
0
100
AcDbLine
 10
787.1471411011815
 20
40.40571328245358
 30
0.0
 11
790.1471448598991
 21
40.40571328245358
 31
0.0
  0
LINE
  5
382F
330
1F
100
AcDbEntity
  8
0
100
AcDbLine
 10
790.1471444302589
 20
76.11289084925541
 30
0.0
 11
790.1471411011815
 21
50.40571328245359
 31
0.0
  0
LINE
  5
3830
330
1F
100
AcDbEntity
  8
0
100
AcDbLine
 10
790.1471407696215
 20
96.82006841412851
 30
0.0
 11
790.1471406640774
 21
101.8200684141285
 31
0.0
  0
LINE
  5
3831
330
1F
100
AcDbEntity
  8
0
100
AcDbLine
 10
985.0507953944042
 20
106.8200684141285
 30
0.0
 11
988.0507953944041
 21
106.8200684774549
 31
0.0
  0
LINE
  5
3832
330
1F
100
AcDbEntity
  8
0
100
AcDbLine
 10
988.0507918467747
 20
91.82006847745491
 30
0.0
 11
985.050791952319
 21
91.82006841412842
 31
0.0
  0
LINE
  5
3833
330
1F
100
AcDbEntity
  8
0
100
AcDbLine
 10
988.0507918467747
 20
96.82006847745491
 30
0.0
 11
985.0507918467748
 21
96.82006841412842
 31
0.0
  0
LINE
  5
3834
330
1F
100
AcDbEntity
  8
0
100
AcDbLine
 10
985.0507917412306
 20
101.8200684141284
 30
0.0
 11
988.0507953944041
 21
101.820068477455
 31
0.0
  0
LINE
  5
3835
330
1F
100
AcDbEntity
  8
0
100
AcDbLine
 10
790.1471485130727
 20
40.40571328245365
 30
0.0
 11
790.1471484075285
 21
45.40571328245365
 31
0.0
  0
LINE
  5
3836
330
1F
100
AcDbEntity
  8
0
100
AcDbLine
 10
985.0508031378554
 20
50.40571328245366
 30
0.0
 11
988.0508031378555
 21
50.40571334578014
 31
0.0
  0
LINE
  5
3837
330
1F
100
AcDbEntity
  8
0
100
AcDbLine
 10
988.0507995902259
 20
35.40571334578007
 30
0.0
 11
985.05079969577
 21
35.40571328245359
 31
0.0
  0
LINE
  5
3838
330
1F
100
AcDbEntity
  8
0
100
AcDbLine
 10
988.0507995902259
 20
40.40571334578006
 30
0.0
 11
985.050799590226
 21
40.40571328245358
 31
0.0
  0
LINE
  5
3839
330
1F
100
AcDbEntity
  8
0
100
AcDbLine
 10
985.0507994846818
 20
45.40571328245358
 30
0.0
 11
988.0508031378555
 21
45.40571334578014
 31
0.0
  0
LINE
  5
383A
330
1F
100
AcDbEntity
  8
0
100
AcDbLine
 10
790.1471405585332
 20
101.8200684141284
 30
0.0
 11
790.1471413115769
 21
96.82006841412853
 31
0.0
  0
LINE
  5
383B
330
1F
100
AcDbEntity
  8
0
100
AcDbLine
 10
790.1471420646206
 20
91.82006841412853
 30
0.0
 11
790.1471483019844
 21
50.40571328245366
 31
0.0
  0
LINE
  5
383C
330
1F
100
AcDbEntity
  8
0
100
AcDbLine
 10
985.0507917412306
 20
101.8200684141284
 30
0.0
 11
985.0507918467748
 21
96.82006841412842
 31
0.0
  0
LINE
  5
383D
330
1F
100
AcDbEntity
  8
0
100
AcDbLine
 10
985.0507953944042
 20
101.8200684141284
 30
0.0
 11
985.0507961474479
 21
96.82006841412857
 31
0.0
  0
LINE
  5
383E
330
1F
100
AcDbEntity
  8
0
100
AcDbLine
 10
985.0507969004915
 20
91.82006841412853
 30
0.0
 11
985.0508031378554
 21
50.40571328245366
 31
0.0
  0
LINE
  5
383F
330
1F
100
AcDbEntity
  8
0
100
AcDbLine
 10
985.0507994846818
 20
45.40571328245358
 30
0.0
 11
985.050799590226
 21
40.40571328245358
 31
0.0
  0
LINE
  5
3840
330
1F
100
AcDbEntity
  8
0
100
AcDbLine
 10
985.05079969577
 20
35.40571328245359
 30
0.0
 11
985.0507988364896
 21
31.82006841412847
 31
0.0
  0
LWPOLYLINE
  5
3841
330
1F
100
AcDbEntity
  8
0
100
AcDbPolyline
 90
        4
 70
     0
 43
0.0
 10
790.1471405585332
 20
106.8200684141284
 10
787.1471405585332
 20
106.8200684141284
 10
787.1471405585332
 20
101.8200684141284
 10
790.1471405585332
 20
101.8200685900353
  0
LWPOLYLINE
  5
3842
330
1F
100
AcDbEntity
  8
0
100
AcDbPolyline
 90
        4
 70
     0
 43
0.0
 10
790.1471405585332
 20
96.82006841412851
 10
787.1471405585332
 20
96.82006841412851
 10
787.1471405585332
 20
91.82006841412851
 10
790.1471405585332
 20
91.82006841412851
  0
LWPOLYLINE
  5
3843
330
1F
100
AcDbEntity
  8
0
100
AcDbPolyline
 90
        4
 70
     0
 43
0.0
 10
790.1471555027874
 20
50.40571328243285
 10
787.1471555027998
 20
50.40572192339635
 10
787.147141101194
 20
45.40572192341708
 10
790.1471411011815
 20
45.40571328245358
  0
LWPOLYLINE
  5
3844
330
1F
100
AcDbEntity
  8
0
100
AcDbPolyline
 90
        4
 70
     0
 43
0.0
 10
790.1471411011815
 20
40.40571328245358
 10
787.1471411011815
 20
40.40571328245358
 10
787.1471411011815
 20
35.40571328245359
 10
790.1471411011815
 20
35.40571328245359
  0
LWPOLYLINE
  5
3845
330
1F
100
AcDbEntity
  8
0
100
AcDbPolyline
 90
        5
 70
     0
 43
0.0
 10
985.0508031378554
 20
50.405713033234
 10
985.0508031378554
 20
50.40571328245366
 10
988.0508031378555
 20
50.40571328245366
 10
988.0508031378555
 20
45.40571328245365
 10
985.0508031378554
 20
45.40571394366075
  0
LWPOLYLINE
  5
3846
330
1F
100
AcDbEntity
  8
0
100
AcDbPolyline
 90
        5
 70
     0
 43
0.0
 10
985.050799590226
 20
40.40571261445999
 10
985.050799590226
 20
40.40571328245358
 10
988.0507995902259
 20
40.40571328245358
 10
988.0507995902259
 20
35.40571328245359
 10
985.050799590226
 20
35.40571336413996
  0
LWPOLYLINE
  5
3847
330
1F
100
AcDbEntity
  8
0
100
AcDbPolyline
 90
        4
 70
     0
 43
0.0
 10
985.0507953944042
 20
106.8200684141285
 10
988.0507953944041
 20
106.8200684141285
 10
988.0507953944041
 20
101.8200684141285
 10
985.0507953944042
 20
101.8200684141285
  0
LWPOLYLINE
  5
3848
330
1F
100
AcDbEntity
  8
0
100
AcDbPolyline
 90
        4
 70
     0
 43
0.0
 10
985.0507918467748
 20
96.82006841412842
 10
988.0507918467747
 20
96.82006841412842
 10
988.0507918467747
 20
91.82006841412842
 10
985.0507918467748
 20
91.82006930108851
  0
LINE
  5
386A
330
1F
100
AcDbEntity
  8
0
100
AcDbLine
 10
772.8525111206833
 20
331.2786291198755
 30
0.0
 11
772.8525111206833
 21
334.2786291198755
 31
0.0
  0
LINE
  5
386B
330
1F
100
AcDbEntity
  8
0
100
AcDbLine
 10
767.8525111206832
 20
334.2786291198755
 30
0.0
 11
767.8525111206832
 21
331.2786291198755
 31
0.0
  0
LINE
  5
386C
330
1F
100
AcDbEntity
  8
0
100
AcDbLine
 10
767.8525111206832
 20
331.2786291198755
 30
0.0
 11
762.8525111206832
 21
331.2786291198755
 31
0.0
  0
LINE
  5
386D
330
1F
100
AcDbEntity
  8
0
100
AcDbLine
 10
762.8525111206832
 20
331.2786291198755
 30
0.0
 11
762.8525111206832
 21
317.8433174998054
 31
0.0
  0
LINE
  5
386E
330
1F
100
AcDbEntity
  8
0
100
AcDbLine
 10
762.8525111206832
 20
317.8433174998054
 30
0.0
 11
777.8109166357786
 21
317.8433174998054
 31
0.0
  0
LINE
  5
386F
330
1F
100
AcDbEntity
  8
0
100
AcDbLine
 10
777.8109166357786
 20
317.8433174998054
 30
0.0
 11
777.8109166357786
 21
331.4831582214556
 31
0.0
  0
LINE
  5
3870
330
1F
100
AcDbEntity
  8
0
100
AcDbLine
 10
777.8525111206833
 20
331.2786291198755
 30
0.0
 11
772.8525111206833
 21
331.2786291198755
 31
0.0
  0
CIRCLE
  5
3871
330
1F
100
AcDbEntity
  8
0
100
AcDbCircle
 10
770.4544533845156
 20
325.2064013208665
 30
0.0
 40
3.0
  0
LWPOLYLINE
  5
3872
330
1F
100
AcDbEntity
  8
0
100
AcDbPolyline
 90
        4
 70
     0
 43
0.0
 10
767.8525111206832
 20
331.2786291198755
 10
767.8525111206832
 20
334.2786291198755
 10
772.8525111206833
 20
334.2786291198755
 10
772.8525111206833
 20
331.2786291198755
  0
LINE
  5
3873
330
1F
100
AcDbEntity
  8
0
100
AcDbLine
 10
832.0794506830349
 20
350.0358590063996
 30
0.0
 11
835.0794506830348
 21
350.0358590063996
 31
0.0
  0
LINE
  5
3874
330
1F
100
AcDbEntity
  8
0
100
AcDbLine
 10
835.0794506830348
 20
355.0358590063996
 30
0.0
 11
832.0794506830349
 21
355.0358590063996
 31
0.0
  0
LINE
  5
3875
330
1F
100
AcDbEntity
  8
0
100
AcDbLine
 10
832.0794506830349
 20
355.0358590063996
 30
0.0
 11
832.0794506830349
 21
360.0358590063996
 31
0.0
  0
LINE
  5
3876
330
1F
100
AcDbEntity
  8
0
100
AcDbLine
 10
832.0794506830349
 20
360.0358590063996
 30
0.0
 11
818.6441390629649
 21
360.0358590063996
 31
0.0
  0
LINE
  5
3877
330
1F
100
AcDbEntity
  8
0
100
AcDbLine
 10
818.6441390629649
 20
360.0358590063996
 30
0.0
 11
818.6441390629649
 21
345.0774534913042
 31
0.0
  0
LINE
  5
3878
330
1F
100
AcDbEntity
  8
0
100
AcDbLine
 10
818.6441390629649
 20
345.0774534913043
 30
0.0
 11
832.2839797846151
 21
345.0774534913043
 31
0.0
  0
LINE
  5
3879
330
1F
100
AcDbEntity
  8
0
100
AcDbLine
 10
832.0794506830349
 20
345.0358590063995
 30
0.0
 11
832.0794506830349
 21
350.0358590063996
 31
0.0
  0
CIRCLE
  5
387A
330
1F
100
AcDbEntity
  8
0
100
AcDbCircle
 10
826.0072228840259
 20
352.4339167425673
 30
0.0
 40
3.0
  0
LWPOLYLINE
  5
387B
330
1F
100
AcDbEntity
  8
0
100
AcDbPolyline
 90
        4
 70
     0
 43
0.0
 10
832.0794506830349
 20
355.0358590063996
 10
835.0794506830348
 20
355.0358590063996
 10
835.0794506830348
 20
350.0358590063996
 10
832.0794506830349
 20
350.0358590063996
  0
LINE
  5
387C
330
1F
100
AcDbEntity
  8
0
100
AcDbLine
 10
831.925740008795
 20
330.458162752975
 30
0.0
 11
834.925740008795
 21
330.458162752975
 31
0.0
  0
LINE
  5
387D
330
1F
100
AcDbEntity
  8
0
100
AcDbLine
 10
834.925740008795
 20
335.4581627529749
 30
0.0
 11
831.925740008795
 21
335.4581627529749
 31
0.0
  0
LINE
  5
387E
330
1F
100
AcDbEntity
  8
0
100
AcDbLine
 10
831.925740008795
 20
335.4581627529749
 30
0.0
 11
831.925740008795
 21
340.4581627529749
 31
0.0
  0
LINE
  5
387F
330
1F
100
AcDbEntity
  8
0
100
AcDbLine
 10
831.925740008795
 20
340.4581627529749
 30
0.0
 11
818.490428388725
 21
340.4581627529749
 31
0.0
  0
LINE
  5
3880
330
1F
100
AcDbEntity
  8
0
100
AcDbLine
 10
818.490428388725
 20
340.4581627529749
 30
0.0
 11
818.490428388725
 21
325.4997572378796
 31
0.0
  0
LINE
  5
3881
330
1F
100
AcDbEntity
  8
0
100
AcDbLine
 10
818.490428388725
 20
325.4997572378796
 30
0.0
 11
832.1302691103753
 21
325.4997572378796
 31
0.0
  0
LINE
  5
3882
330
1F
100
AcDbEntity
  8
0
100
AcDbLine
 10
831.925740008795
 20
325.4581627529749
 30
0.0
 11
831.925740008795
 21
330.458162752975
 31
0.0
  0
CIRCLE
  5
3883
330
1F
100
AcDbEntity
  8
0
100
AcDbCircle
 10
825.853512209786
 20
332.8562204891426
 30
0.0
 40
3.0
  0
LWPOLYLINE
  5
3884
330
1F
100
AcDbEntity
  8
0
100
AcDbPolyline
 90
        4
 70
     0
 43
0.0
 10
831.925740008795
 20
335.4581627529749
 10
834.925740008795
 20
335.4581627529749
 10
834.925740008795
 20
330.458162752975
 10
831.925740008795
 20
330.458162752975
  0
LINE
  5
38A6
330
1F
100
AcDbEntity
  8
0
100
AcDbLine
 10
773.0434622862572
 20
358.0359892040943
 30
0.0
 11
773.0434622862572
 21
361.0359892040943
 31
0.0
  0
LINE
  5
38A7
330
1F
100
AcDbEntity
  8
0
100
AcDbLine
 10
768.0434622862573
 20
361.0359892040943
 30
0.0
 11
768.0434622862573
 21
358.0359892040943
 31
0.0
  0
LINE
  5
38A8
330
1F
100
AcDbEntity
  8
0
100
AcDbLine
 10
768.0434622862573
 20
358.0359892040943
 30
0.0
 11
763.0434622862573
 21
358.0359892040943
 31
0.0
  0
LINE
  5
38A9
330
1F
100
AcDbEntity
  8
0
100
AcDbLine
 10
763.0434622862573
 20
358.0359892040943
 30
0.0
 11
763.0434622862573
 21
344.6006775840242
 31
0.0
  0
LINE
  5
38AA
330
1F
100
AcDbEntity
  8
0
100
AcDbLine
 10
763.0434622862573
 20
344.6006775840242
 30
0.0
 11
778.0018678013527
 21
344.6006775840242
 31
0.0
  0
LINE
  5
38AB
330
1F
100
AcDbEntity
  8
0
100
AcDbLine
 10
778.0018678013527
 20
344.6006775840242
 30
0.0
 11
778.0018678013527
 21
358.2405183056745
 31
0.0
  0
LINE
  5
38AC
330
1F
100
AcDbEntity
  8
0
100
AcDbLine
 10
778.0434622862572
 20
358.0359892040943
 30
0.0
 11
773.0434622862572
 21
358.0359892040943
 31
0.0
  0
CIRCLE
  5
38AD
330
1F
100
AcDbEntity
  8
0
100
AcDbCircle
 10
770.6454045500897
 20
351.9637614050854
 30
0.0
 40
3.0
  0
LWPOLYLINE
  5
38AE
330
1F
100
AcDbEntity
  8
0
100
AcDbPolyline
 90
        4
 70
     0
 43
0.0
 10
768.0434622862573
 20
358.0359892040943
 10
768.0434622862573
 20
361.0359892040943
 10
773.0434622862572
 20
361.0359892040943
 10
773.0434622862572
 20
358.0359892040943
  0
LINE
  5
38CF
330
1F
100
AcDbEntity
  8
0
100
AcDbLine
 10
886.7197557135297
 20
381.3694648594183
 30
0.0
 11
889.7197557135298
 21
381.3694648594183
 31
0.0
  0
LINE
  5
38D0
330
1F
100
AcDbEntity
  8
0
100
AcDbLine
 10
889.7197557135298
 20
381.3694648594183
 30
0.0
 11
889.7197557135298
 21
360.0994648594183
 31
0.0
  0
LINE
  5
38D1
330
1F
100
AcDbEntity
  8
0
100
AcDbLine
 10
889.7197557135298
 20
360.0994648594183
 30
0.0
 11
886.7197557135297
 21
360.0994648594183
 31
0.0
  0
LINE
  5
38D2
330
1F
100
AcDbEntity
  8
0
100
AcDbLine
 10
886.7197557135297
 20
360.0994648594183
 30
0.0
 11
886.7197557135297
 21
381.3694648594183
 31
0.0
  0
LINE
  5
38D3
330
1F
100
AcDbEntity
  8
0
100
AcDbLine
 10
871.1927455565048
 20
406.900438982854
 30
0.0
 11
905.1843072638531
 21
406.900438982854
 31
0.0
  0
LINE
  5
38D4
330
1F
100
AcDbEntity
  8
0
100
AcDbLine
 10
905.1843072638531
 20
332.1356890575172
 30
0.0
 11
871.1927455565048
 21
332.1356890575172
 31
0.0
  0
LINE
  5
38D5
330
1F
100
AcDbEntity
  8
0
100
AcDbLine
 10
871.1927455565048
 20
406.900438982854
 30
0.0
 11
871.1927455565048
 21
332.1356890575172
 31
0.0
  0
LINE
  5
38D6
330
1F
100
AcDbEntity
  8
0
100
AcDbLine
 10
905.1843072638531
 20
406.900438982854
 30
0.0
 11
905.1843072638531
 21
332.1356890575172
 31
0.0
  0
LINE
  5
38FB
330
1F
100
AcDbEntity
  8
0
100
AcDbLine
 10
930.7131935895851
 20
380.9134344029417
 30
0.0
 11
933.713193589585
 21
380.9134344029417
 31
0.0
  0
LINE
  5
38FC
330
1F
100
AcDbEntity
  8
0
100
AcDbLine
 10
933.713193589585
 20
380.9134344029417
 30
0.0
 11
933.713193589585
 21
359.6434344029418
 31
0.0
  0
LINE
  5
38FD
330
1F
100
AcDbEntity
  8
0
100
AcDbLine
 10
933.713193589585
 20
359.6434344029418
 30
0.0
 11
930.7131935895851
 21
359.6434344029418
 31
0.0
  0
LINE
  5
38FE
330
1F
100
AcDbEntity
  8
0
100
AcDbLine
 10
930.7131935895851
 20
359.6434344029418
 30
0.0
 11
930.7131935895851
 21
380.9134344029417
 31
0.0
  0
LINE
  5
38FF
330
1F
100
AcDbEntity
  8
0
100
AcDbLine
 10
915.18618343256
 20
406.4444085263774
 30
0.0
 11
949.1777451399086
 21
406.4444085263774
 31
0.0
  0
LINE
  5
3900
330
1F
100
AcDbEntity
  8
0
100
AcDbLine
 10
949.1777451399086
 20
331.6796586010406
 30
0.0
 11
915.18618343256
 21
331.6796586010406
 31
0.0
  0
LINE
  5
3901
330
1F
100
AcDbEntity
  8
0
100
AcDbLine
 10
915.18618343256
 20
406.4444085263774
 30
0.0
 11
915.18618343256
 21
331.6796586010406
 31
0.0
  0
LINE
  5
3902
330
1F
100
AcDbEntity
  8
0
100
AcDbLine
 10
949.1777451399086
 20
406.4444085263774
 30
0.0
 11
949.1777451399086
 21
331.6796586010406
 31
0.0
  0
LINE
  5
3911
330
1F
100
AcDbEntity
  8
0
100
AcDbLine
 10
974.0314257544779
 20
381.1119644873798
 30
0.0
 11
977.0314257544779
 21
381.1119644873798
 31
0.0
  0
LINE
  5
3912
330
1F
100
AcDbEntity
  8
0
100
AcDbLine
 10
977.0314257544779
 20
381.1119644873798
 30
0.0
 11
977.0314257544779
 21
359.8419644873798
 31
0.0
  0
LINE
  5
3913
330
1F
100
AcDbEntity
  8
0
100
AcDbLine
 10
977.0314257544779
 20
359.8419644873798
 30
0.0
 11
974.0314257544779
 21
359.8419644873798
 31
0.0
  0
LINE
  5
3914
330
1F
100
AcDbEntity
  8
0
100
AcDbLine
 10
974.0314257544779
 20
359.8419644873798
 30
0.0
 11
974.0314257544779
 21
381.1119644873798
 31
0.0
  0
LINE
  5
3915
330
1F
100
AcDbEntity
  8
0
100
AcDbLine
 10
958.5044155974529
 20
406.6429386108155
 30
0.0
 11
992.4959773048014
 21
406.6429386108155
 31
0.0
  0
LINE
  5
3916
330
1F
100
AcDbEntity
  8
0
100
AcDbLine
 10
992.4959773048014
 20
331.8781886854786
 30
0.0
 11
958.5044155974529
 21
331.8781886854786
 31
0.0
  0
LINE
  5
3917
330
1F
100
AcDbEntity
  8
0
100
AcDbLine
 10
958.5044155974529
 20
406.6429386108155
 30
0.0
 11
958.5044155974529
 21
331.8781886854786
 31
0.0
  0
LINE
  5
3918
330
1F
100
AcDbEntity
  8
0
100
AcDbLine
 10
992.4959773048014
 20
406.6429386108155
 30
0.0
 11
992.4959773048014
 21
331.8781886854786
 31
0.0
  0
LINE
  5
3927
330
1F
100
AcDbEntity
  8
0
100
AcDbLine
 10
826.5050930270577
 20
385.7513864067069
 30
0.0
 11
826.5050930270577
 21
382.7513864067069
 31
0.0
  0
LINE
  5
3928
330
1F
100
AcDbEntity
  8
0
100
AcDbLine
 10
826.5050930270577
 20
382.7513864067069
 30
0.0
 11
805.2350930270577
 21
382.7513864067069
 31
0.0
  0
LINE
  5
3929
330
1F
100
AcDbEntity
  8
0
100
AcDbLine
 10
805.2350930270577
 20
382.7513864067069
 30
0.0
 11
805.2350930270577
 21
385.7513864067069
 31
0.0
  0
LINE
  5
392A
330
1F
100
AcDbEntity
  8
0
100
AcDbLine
 10
805.2350930270577
 20
385.7513864067069
 30
0.0
 11
826.5050930270577
 21
385.7513864067069
 31
0.0
  0
LINE
  5
392B
330
1F
100
AcDbEntity
  8
0
100
AcDbLine
 10
854.6754813927988
 20
401.2783965637318
 30
0.0
 11
854.6754813927988
 21
367.2868348563834
 31
0.0
  0
LINE
  5
392C
330
1F
100
AcDbEntity
  8
0
100
AcDbLine
 10
779.9107314674619
 20
367.2868348563836
 30
0.0
 11
779.9107314674619
 21
401.278396563732
 31
0.0
  0
LINE
  5
392D
330
1F
100
AcDbEntity
  8
0
100
AcDbLine
 10
854.6754813927988
 20
401.2783965637318
 30
0.0
 11
779.9107314674619
 21
401.278396563732
 31
0.0
  0
LINE
  5
392E
330
1F
100
AcDbEntity
  8
0
100
AcDbLine
 10
854.6754813927988
 20
367.2868348563834
 30
0.0
 11
779.9107314674619
 21
367.2868348563836
 31
0.0
  0
LINE
  5
3A23
330
1F
100
AcDbEntity
  8
0
100
AcDbLine
 10
757.0885259733604
 20
426.7270411200912
 30
0.0
 11
756.0728645547026
 21
429.4516377821365
 31
0.0
  0
LINE
  5
3A24
330
1F
100
AcDbEntity
  8
0
100
AcDbLine
 10
756.0728645547026
 20
429.4516377821365
 30
0.0
 11
755.355373751456
 21
429.4516377821365
 31
0.0
  0
LINE
  5
3A25
330
1F
100
AcDbEntity
  8
0
100
AcDbLine
 10
755.355373751456
 20
429.4516377821365
 30
0.0
 11
754.3546845543011
 21
426.7270411200914
 31
0.0
  0
LINE
  5
3A26
330
1F
100
AcDbEntity
  8
0
100
AcDbLine
 10
754.3546845543011
 20
426.7270411200914
 30
0.0
 11
740.837211647958
 21
426.7270411200914
 31
0.0
  0
LINE
  5
3A27
330
1F
100
AcDbEntity
  8
0
100
AcDbLine
 10
740.837211647958
 20
426.7270411200914
 30
0.0
 11
740.8372116479577
 21
412.7884101379985
 31
0.0
  0
LINE
  5
3A28
330
1F
100
AcDbEntity
  8
0
100
AcDbLine
 10
740.8372116479577
 20
412.7884101379985
 30
0.0
 11
995.5311610087749
 21
412.7884101379969
 31
0.0
  0
LINE
  5
3A29
330
1F
100
AcDbEntity
  8
0
100
AcDbLine
 10
995.5311610087747
 20
412.7884101379969
 30
0.0
 11
995.5311610087751
 21
426.7270411200898
 31
0.0
  0
LINE
  5
3A2A
330
1F
100
AcDbEntity
  8
0
100
AcDbLine
 10
995.5311610087751
 20
426.7270411200898
 30
0.0
 11
975.2189252229017
 21
426.7270411200899
 31
0.0
  0
LINE
  5
3A2B
330
1F
100
AcDbEntity
  8
0
100
AcDbLine
 10
975.2189252229017
 20
426.7270411200899
 30
0.0
 11
974.2032638042438
 21
429.451637782135
 31
0.0
  0
LINE
  5
3A2C
330
1F
100
AcDbEntity
  8
0
100
AcDbLine
 10
974.2032638042438
 20
429.451637782135
 30
0.0
 11
973.4857730009972
 21
429.451637782135
 31
0.0
  0
LINE
  5
3A2D
330
1F
100
AcDbEntity
  8
0
100
AcDbLine
 10
973.4857730009972
 20
429.451637782135
 30
0.0
 11
972.4850838038424
 21
426.7270411200899
 31
0.0
  0
LINE
  5
3A2E
330
1F
100
AcDbEntity
  8
0
100
AcDbLine
 10
971.3920761132603
 20
426.7270411200899
 30
0.0
 11
972.4850838038424
 21
426.7270411200899
 31
0.0
  0
LINE
  5
3A2F
330
1F
100
AcDbEntity
  8
0
100
AcDbLine
 10
971.3920761132605
 20
426.7270411200899
 30
0.0
 11
970.3764146946028
 21
429.451637782135
 31
0.0
  0
LINE
  5
3A30
330
1F
100
AcDbEntity
  8
0
100
AcDbLine
 10
970.3764146946028
 20
429.451637782135
 30
0.0
 11
969.6589238913562
 21
429.451637782135
 31
0.0
  0
LINE
  5
3A31
330
1F
100
AcDbEntity
  8
0
100
AcDbLine
 10
969.6589238913562
 20
429.451637782135
 30
0.0
 11
968.6582346942012
 21
426.7270411200899
 31
0.0
  0
LINE
  5
3A32
330
1F
100
AcDbEntity
  8
0
100
AcDbLine
 10
967.5652270036193
 20
426.7270411200899
 30
0.0
 11
968.6582346942012
 21
426.7270411200899
 31
0.0
  0
LINE
  5
3A33
330
1F
100
AcDbEntity
  8
0
100
AcDbLine
 10
967.5652270036195
 20
426.7270411200899
 30
0.0
 11
966.5495655849616
 21
429.451637782135
 31
0.0
  0
LINE
  5
3A34
330
1F
100
AcDbEntity
  8
0
100
AcDbLine
 10
966.5495655849616
 20
429.451637782135
 30
0.0
 11
965.832074781715
 21
429.451637782135
 31
0.0
  0
LINE
  5
3A35
330
1F
100
AcDbEntity
  8
0
100
AcDbLine
 10
965.832074781715
 20
429.451637782135
 30
0.0
 11
964.8313855845602
 21
426.7270411200899
 31
0.0
  0
LINE
  5
3A36
330
1F
100
AcDbEntity
  8
0
100
AcDbLine
 10
963.7383778939783
 20
426.7270411200899
 30
0.0
 11
964.8313855845602
 21
426.7270411200899
 31
0.0
  0
LINE
  5
3A37
330
1F
100
AcDbEntity
  8
0
100
AcDbLine
 10
963.7383778939783
 20
426.7270411200899
 30
0.0
 11
962.7227164753206
 21
429.451637782135
 31
0.0
  0
LINE
  5
3A38
330
1F
100
AcDbEntity
  8
0
100
AcDbLine
 10
962.7227164753206
 20
429.451637782135
 30
0.0
 11
962.005225672074
 21
429.451637782135
 31
0.0
  0
LINE
  5
3A39
330
1F
100
AcDbEntity
  8
0
100
AcDbLine
 10
962.005225672074
 20
429.451637782135
 30
0.0
 11
961.004536474919
 21
426.7270411200899
 31
0.0
  0
LINE
  5
3A3A
330
1F
100
AcDbEntity
  8
0
100
AcDbLine
 10
961.004536474919
 20
426.7270411200899
 30
0.0
 11
959.9115287843373
 21
426.7270411200901
 31
0.0
  0
LINE
  5
3A3B
330
1F
100
AcDbEntity
  8
0
100
AcDbLine
 10
959.9115287843373
 20
426.7270411200901
 30
0.0
 11
958.8958673656795
 21
429.4516377821351
 31
0.0
  0
LINE
  5
3A3C
330
1F
100
AcDbEntity
  8
0
100
AcDbLine
 10
958.8958673656795
 20
429.4516377821351
 30
0.0
 11
958.1783765624329
 21
429.4516377821351
 31
0.0
  0
LINE
  5
3A3D
330
1F
100
AcDbEntity
  8
0
100
AcDbLine
 10
958.1783765624329
 20
429.4516377821351
 30
0.0
 11
957.177687365278
 21
426.7270411200901
 31
0.0
  0
LINE
  5
3A3E
330
1F
100
AcDbEntity
  8
0
100
AcDbLine
 10
956.0846796746963
 20
426.7270411200901
 30
0.0
 11
957.177687365278
 21
426.7270411200901
 31
0.0
  0
LINE
  5
3A3F
330
1F
100
AcDbEntity
  8
0
100
AcDbLine
 10
956.0846796746963
 20
426.7270411200901
 30
0.0
 11
955.0690182560385
 21
429.4516377821351
 31
0.0
  0
LINE
  5
3A40
330
1F
100
AcDbEntity
  8
0
100
AcDbLine
 10
955.0690182560385
 20
429.4516377821351
 30
0.0
 11
954.3515274527917
 21
429.4516377821351
 31
0.0
  0
LINE
  5
3A41
330
1F
100
AcDbEntity
  8
0
100
AcDbLine
 10
954.3515274527917
 20
429.4516377821351
 30
0.0
 11
953.350838255637
 21
426.7270411200901
 31
0.0
  0
LINE
  5
3A42
330
1F
100
AcDbEntity
  8
0
100
AcDbLine
 10
952.2578305650553
 20
426.7270411200901
 30
0.0
 11
953.350838255637
 21
426.7270411200901
 31
0.0
  0
LINE
  5
3A43
330
1F
100
AcDbEntity
  8
0
100
AcDbLine
 10
952.2578305650553
 20
426.7270411200901
 30
0.0
 11
951.2421691463975
 21
429.4516377821351
 31
0.0
  0
LINE
  5
3A44
330
1F
100
AcDbEntity
  8
0
100
AcDbLine
 10
951.2421691463975
 20
429.4516377821351
 30
0.0
 11
950.5246783431507
 21
429.4516377821351
 31
0.0
  0
LINE
  5
3A45
330
1F
100
AcDbEntity
  8
0
100
AcDbLine
 10
950.5246783431507
 20
429.4516377821351
 30
0.0
 11
949.5239891459958
 21
426.7270411200901
 31
0.0
  0
LINE
  5
3A46
330
1F
100
AcDbEntity
  8
0
100
AcDbLine
 10
949.5239891459958
 20
426.7270411200901
 30
0.0
 11
948.4309814554142
 21
426.7270411200899
 31
0.0
  0
LINE
  5
3A47
330
1F
100
AcDbEntity
  8
0
100
AcDbLine
 10
948.4309814554142
 20
426.7270411200901
 30
0.0
 11
947.4153200367563
 21
429.4516377821351
 31
0.0
  0
LINE
  5
3A48
330
1F
100
AcDbEntity
  8
0
100
AcDbLine
 10
947.4153200367563
 20
429.4516377821351
 30
0.0
 11
946.6978292335097
 21
429.4516377821351
 31
0.0
  0
LINE
  5
3A49
330
1F
100
AcDbEntity
  8
0
100
AcDbLine
 10
946.6978292335097
 20
429.4516377821351
 30
0.0
 11
945.6971400363547
 21
426.7270411200901
 31
0.0
  0
LINE
  5
3A4A
330
1F
100
AcDbEntity
  8
0
100
AcDbLine
 10
945.6971400363547
 20
426.7270411200901
 30
0.0
 11
944.604132345773
 21
426.7270411200901
 31
0.0
  0
LINE
  5
3A4B
330
1F
100
AcDbEntity
  8
0
100
AcDbLine
 10
944.604132345773
 20
426.7270411200901
 30
0.0
 11
943.5884709271153
 21
429.4516377821353
 31
0.0
  0
LINE
  5
3A4C
330
1F
100
AcDbEntity
  8
0
100
AcDbLine
 10
943.5884709271153
 20
429.4516377821353
 30
0.0
 11
942.8709801238687
 21
429.4516377821353
 31
0.0
  0
LINE
  5
3A4D
330
1F
100
AcDbEntity
  8
0
100
AcDbLine
 10
942.8709801238687
 20
429.4516377821353
 30
0.0
 11
941.8702909267137
 21
426.7270411200901
 31
0.0
  0
LINE
  5
3A4E
330
1F
100
AcDbEntity
  8
0
100
AcDbLine
 10
941.8702909267137
 20
426.7270411200901
 30
0.0
 11
940.7772832361319
 21
426.7270411200902
 31
0.0
  0
LINE
  5
3A4F
330
1F
100
AcDbEntity
  8
0
100
AcDbLine
 10
940.777283236132
 20
426.7270411200901
 30
0.0
 11
939.7616218174741
 21
429.4516377821353
 31
0.0
  0
LINE
  5
3A50
330
1F
100
AcDbEntity
  8
0
100
AcDbLine
 10
939.7616218174741
 20
429.4516377821353
 30
0.0
 11
939.0441310142275
 21
429.4516377821353
 31
0.0
  0
LINE
  5
3A51
330
1F
100
AcDbEntity
  8
0
100
AcDbLine
 10
939.0441310142275
 20
429.4516377821353
 30
0.0
 11
938.0434418170727
 21
426.7270411200901
 31
0.0
  0
LINE
  5
3A52
330
1F
100
AcDbEntity
  8
0
100
AcDbLine
 10
936.9504341264908
 20
426.7270411200901
 30
0.0
 11
938.0434418170727
 21
426.7270411200901
 31
0.0
  0
LINE
  5
3A53
330
1F
100
AcDbEntity
  8
0
100
AcDbLine
 10
936.9504341264908
 20
426.7270411200901
 30
0.0
 11
935.9347727078331
 21
429.4516377821353
 31
0.0
  0
LINE
  5
3A54
330
1F
100
AcDbEntity
  8
0
100
AcDbLine
 10
935.9347727078331
 20
429.4516377821353
 30
0.0
 11
935.2172819045865
 21
429.4516377821353
 31
0.0
  0
LINE
  5
3A55
330
1F
100
AcDbEntity
  8
0
100
AcDbLine
 10
935.2172819045865
 20
429.4516377821353
 30
0.0
 11
934.2165927074315
 21
426.7270411200901
 31
0.0
  0
LINE
  5
3A56
330
1F
100
AcDbEntity
  8
0
100
AcDbLine
 10
934.2165927074315
 20
426.7270411200901
 30
0.0
 11
933.1235850168498
 21
426.7270411200901
 31
0.0
  0
LINE
  5
3A57
330
1F
100
AcDbEntity
  8
0
100
AcDbLine
 10
933.1235850168498
 20
426.7270411200901
 30
0.0
 11
932.1079235981921
 21
429.4516377821353
 31
0.0
  0
LINE
  5
3A58
330
1F
100
AcDbEntity
  8
0
100
AcDbLine
 10
932.1079235981921
 20
429.4516377821353
 30
0.0
 11
931.3904327949455
 21
429.4516377821353
 31
0.0
  0
LINE
  5
3A59
330
1F
100
AcDbEntity
  8
0
100
AcDbLine
 10
931.3904327949455
 20
429.4516377821353
 30
0.0
 11
930.3897435977905
 21
426.7270411200902
 31
0.0
  0
LINE
  5
3A5A
330
1F
100
AcDbEntity
  8
0
100
AcDbLine
 10
930.3897435977905
 20
426.7270411200902
 30
0.0
 11
929.2967359072088
 21
426.7270411200902
 31
0.0
  0
LINE
  5
3A5B
330
1F
100
AcDbEntity
  8
0
100
AcDbLine
 10
929.2967359072088
 20
426.7270411200902
 30
0.0
 11
928.2810744885509
 21
429.4516377821354
 31
0.0
  0
LINE
  5
3A5C
330
1F
100
AcDbEntity
  8
0
100
AcDbLine
 10
928.2810744885509
 20
429.4516377821354
 30
0.0
 11
927.5635836853043
 21
429.4516377821354
 31
0.0
  0
LINE
  5
3A5D
330
1F
100
AcDbEntity
  8
0
100
AcDbLine
 10
927.5635836853043
 20
429.4516377821354
 30
0.0
 11
926.5628944881495
 21
426.7270411200902
 31
0.0
  0
LINE
  5
3A5E
330
1F
100
AcDbEntity
  8
0
100
AcDbLine
 10
925.4698867975676
 20
426.7270411200901
 30
0.0
 11
926.5628944881495
 21
426.7270411200902
 31
0.0
  0
LINE
  5
3A5F
330
1F
100
AcDbEntity
  8
0
100
AcDbLine
 10
925.4698867975676
 20
426.7270411200902
 30
0.0
 11
924.4542253789099
 21
429.4516377821354
 31
0.0
  0
LINE
  5
3A60
330
1F
100
AcDbEntity
  8
0
100
AcDbLine
 10
924.4542253789099
 20
429.4516377821354
 30
0.0
 11
923.7367345756634
 21
429.4516377821354
 31
0.0
  0
LINE
  5
3A61
330
1F
100
AcDbEntity
  8
0
100
AcDbLine
 10
923.7367345756634
 20
429.4516377821354
 30
0.0
 11
922.7360453785083
 21
426.7270411200902
 31
0.0
  0
LINE
  5
3A62
330
1F
100
AcDbEntity
  8
0
100
AcDbLine
 10
921.6430376879268
 20
426.7270411200902
 30
0.0
 11
922.7360453785083
 21
426.7270411200902
 31
0.0
  0
LINE
  5
3A63
330
1F
100
AcDbEntity
  8
0
100
AcDbLine
 10
921.6430376879268
 20
426.7270411200902
 30
0.0
 11
920.6273762692688
 21
429.4516377821354
 31
0.0
  0
LINE
  5
3A64
330
1F
100
AcDbEntity
  8
0
100
AcDbLine
 10
920.6273762692688
 20
429.4516377821354
 30
0.0
 11
919.9098854660222
 21
429.4516377821354
 31
0.0
  0
LINE
  5
3A65
330
1F
100
AcDbEntity
  8
0
100
AcDbLine
 10
919.9098854660222
 20
429.4516377821354
 30
0.0
 11
918.9091962688673
 21
426.7270411200902
 31
0.0
  0
LINE
  5
3A66
330
1F
100
AcDbEntity
  8
0
100
AcDbLine
 10
918.9091962688673
 20
426.7270411200902
 30
0.0
 11
917.8161885782854
 21
426.7270411200902
 31
0.0
  0
LINE
  5
3A67
330
1F
100
AcDbEntity
  8
0
100
AcDbLine
 10
917.8161885782854
 20
426.7270411200902
 30
0.0
 11
916.8005271596276
 21
429.4516377821354
 31
0.0
  0
LINE
  5
3A68
330
1F
100
AcDbEntity
  8
0
100
AcDbLine
 10
916.8005271596276
 20
429.4516377821354
 30
0.0
 11
916.083036356381
 21
429.4516377821355
 31
0.0
  0
LINE
  5
3A69
330
1F
100
AcDbEntity
  8
0
100
AcDbLine
 10
916.083036356381
 20
429.4516377821355
 30
0.0
 11
915.0823471592261
 21
426.7270411200903
 31
0.0
  0
LINE
  5
3A6A
330
1F
100
AcDbEntity
  8
0
100
AcDbLine
 10
913.9893394686446
 20
426.7270411200904
 30
0.0
 11
915.0823471592261
 21
426.7270411200903
 31
0.0
  0
LINE
  5
3A6B
330
1F
100
AcDbEntity
  8
0
100
AcDbLine
 10
913.9893394686444
 20
426.7270411200903
 30
0.0
 11
912.9736780499866
 21
429.4516377821355
 31
0.0
  0
LINE
  5
3A6C
330
1F
100
AcDbEntity
  8
0
100
AcDbLine
 10
912.9736780499866
 20
429.4516377821355
 30
0.0
 11
912.25618724674
 21
429.4516377821355
 31
0.0
  0
LINE
  5
3A6D
330
1F
100
AcDbEntity
  8
0
100
AcDbLine
 10
912.25618724674
 20
429.4516377821355
 30
0.0
 11
911.255498049585
 21
426.7270411200903
 31
0.0
  0
LINE
  5
3A6E
330
1F
100
AcDbEntity
  8
0
100
AcDbLine
 10
910.1624903590035
 20
426.7270411200904
 30
0.0
 11
911.255498049585
 21
426.7270411200903
 31
0.0
  0
LINE
  5
3A6F
330
1F
100
AcDbEntity
  8
0
100
AcDbLine
 10
910.1624903590035
 20
426.7270411200903
 30
0.0
 11
909.1468289403456
 21
429.4516377821355
 31
0.0
  0
LINE
  5
3A70
330
1F
100
AcDbEntity
  8
0
100
AcDbLine
 10
909.1468289403456
 20
429.4516377821355
 30
0.0
 11
908.429338137099
 21
429.4516377821355
 31
0.0
  0
LINE
  5
3A71
330
1F
100
AcDbEntity
  8
0
100
AcDbLine
 10
908.429338137099
 20
429.4516377821355
 30
0.0
 11
907.428648939944
 21
426.7270411200903
 31
0.0
  0
LINE
  5
3A72
330
1F
100
AcDbEntity
  8
0
100
AcDbLine
 10
906.3356412493625
 20
426.7270411200903
 30
0.0
 11
907.428648939944
 21
426.7270411200903
 31
0.0
  0
LINE
  5
3A73
330
1F
100
AcDbEntity
  8
0
100
AcDbLine
 10
906.3356412493623
 20
426.7270411200903
 30
0.0
 11
905.3199798307044
 21
429.4516377821355
 31
0.0
  0
LINE
  5
3A74
330
1F
100
AcDbEntity
  8
0
100
AcDbLine
 10
905.3199798307044
 20
429.4516377821355
 30
0.0
 11
904.6024890274578
 21
429.4516377821355
 31
0.0
  0
LINE
  5
3A75
330
1F
100
AcDbEntity
  8
0
100
AcDbLine
 10
904.6024890274578
 20
429.4516377821355
 30
0.0
 11
903.601799830303
 21
426.7270411200903
 31
0.0
  0
LINE
  5
3A76
330
1F
100
AcDbEntity
  8
0
100
AcDbLine
 10
903.601799830303
 20
426.7270411200903
 30
0.0
 11
902.5087921397211
 21
426.7270411200903
 31
0.0
  0
LINE
  5
3A77
330
1F
100
AcDbEntity
  8
0
100
AcDbLine
 10
902.5087921397211
 20
426.7270411200903
 30
0.0
 11
901.4931307210634
 21
429.4516377821355
 31
0.0
  0
LINE
  5
3A78
330
1F
100
AcDbEntity
  8
0
100
AcDbLine
 10
901.4931307210634
 20
429.4516377821355
 30
0.0
 11
900.7756399178168
 21
429.4516377821355
 31
0.0
  0
LINE
  5
3A79
330
1F
100
AcDbEntity
  8
0
100
AcDbLine
 10
900.7756399178168
 20
429.4516377821355
 30
0.0
 11
899.7749507206618
 21
426.7270411200904
 31
0.0
  0
LINE
  5
3A7A
330
1F
100
AcDbEntity
  8
0
100
AcDbLine
 10
898.6819430300801
 20
426.7270411200904
 30
0.0
 11
899.7749507206618
 21
426.7270411200904
 31
0.0
  0
LINE
  5
3A7B
330
1F
100
AcDbEntity
  8
0
100
AcDbLine
 10
898.6819430300801
 20
426.7270411200904
 30
0.0
 11
897.6662816114224
 21
429.4516377821355
 31
0.0
  0
LINE
  5
3A7C
330
1F
100
AcDbEntity
  8
0
100
AcDbLine
 10
897.6662816114224
 20
429.4516377821355
 30
0.0
 11
896.9487908081758
 21
429.4516377821355
 31
0.0
  0
LINE
  5
3A7D
330
1F
100
AcDbEntity
  8
0
100
AcDbLine
 10
896.9487908081758
 20
429.4516377821355
 30
0.0
 11
895.9481016110208
 21
426.7270411200904
 31
0.0
  0
LINE
  5
3A7E
330
1F
100
AcDbEntity
  8
0
100
AcDbLine
 10
895.9481016110208
 20
426.7270411200904
 30
0.0
 11
894.8550939204391
 21
426.7270411200904
 31
0.0
  0
LINE
  5
3A7F
330
1F
100
AcDbEntity
  8
0
100
AcDbLine
 10
894.8550939204391
 20
426.7270411200904
 30
0.0
 11
893.8394325017814
 21
429.4516377821355
 31
0.0
  0
LINE
  5
3A80
330
1F
100
AcDbEntity
  8
0
100
AcDbLine
 10
893.8394325017814
 20
429.4516377821355
 30
0.0
 11
893.1219416985346
 21
429.4516377821355
 31
0.0
  0
LINE
  5
3A81
330
1F
100
AcDbEntity
  8
0
100
AcDbLine
 10
893.1219416985346
 20
429.4516377821355
 30
0.0
 11
892.1212525013798
 21
426.7270411200904
 31
0.0
  0
LINE
  5
3A82
330
1F
100
AcDbEntity
  8
0
100
AcDbLine
 10
891.0282448107981
 20
426.7270411200904
 30
0.0
 11
892.1212525013798
 21
426.7270411200904
 31
0.0
  0
LINE
  5
3A83
330
1F
100
AcDbEntity
  8
0
100
AcDbLine
 10
891.0282448107981
 20
426.7270411200904
 30
0.0
 11
890.0125833921403
 21
429.4516377821355
 31
0.0
  0
LINE
  5
3A84
330
1F
100
AcDbEntity
  8
0
100
AcDbLine
 10
890.0125833921403
 20
429.4516377821355
 30
0.0
 11
889.2950925888937
 21
429.4516377821355
 31
0.0
  0
LINE
  5
3A85
330
1F
100
AcDbEntity
  8
0
100
AcDbLine
 10
889.2950925888937
 20
429.4516377821355
 30
0.0
 11
888.2944033917388
 21
426.7270411200904
 31
0.0
  0
LINE
  5
3A86
330
1F
100
AcDbEntity
  8
0
100
AcDbLine
 10
887.2013957011569
 20
426.7270411200906
 30
0.0
 11
888.2944033917388
 21
426.7270411200904
 31
0.0
  0
LINE
  5
3A87
330
1F
100
AcDbEntity
  8
0
100
AcDbLine
 10
887.2013957011571
 20
426.7270411200904
 30
0.0
 11
886.1857342824992
 21
429.4516377821357
 31
0.0
  0
LINE
  5
3A88
330
1F
100
AcDbEntity
  8
0
100
AcDbLine
 10
886.1857342824992
 20
429.4516377821357
 30
0.0
 11
885.4682434792524
 21
429.4516377821357
 31
0.0
  0
LINE
  5
3A89
330
1F
100
AcDbEntity
  8
0
100
AcDbLine
 10
885.4682434792524
 20
429.4516377821357
 30
0.0
 11
884.4675542820976
 21
426.7270411200906
 31
0.0
  0
LINE
  5
3A8A
330
1F
100
AcDbEntity
  8
0
100
AcDbLine
 10
884.4675542820976
 20
426.7270411200906
 30
0.0
 11
883.3745465915157
 21
426.7270411200906
 31
0.0
  0
LINE
  5
3A8B
330
1F
100
AcDbEntity
  8
0
100
AcDbLine
 10
883.3745465915159
 20
426.7270411200906
 30
0.0
 11
882.3588851728581
 21
429.4516377821357
 31
0.0
  0
LINE
  5
3A8C
330
1F
100
AcDbEntity
  8
0
100
AcDbLine
 10
882.3588851728581
 20
429.4516377821357
 30
0.0
 11
881.6413943696115
 21
429.4516377821357
 31
0.0
  0
LINE
  5
3A8D
330
1F
100
AcDbEntity
  8
0
100
AcDbLine
 10
881.6413943696115
 20
429.4516377821357
 30
0.0
 11
880.6407051724566
 21
426.7270411200906
 31
0.0
  0
LINE
  5
3A8E
330
1F
100
AcDbEntity
  8
0
100
AcDbLine
 10
880.6407051724566
 20
426.7270411200906
 30
0.0
 11
879.5476974818749
 21
426.7270411200906
 31
0.0
  0
LINE
  5
3A8F
330
1F
100
AcDbEntity
  8
0
100
AcDbLine
 10
879.5476974818749
 20
426.7270411200906
 30
0.0
 11
878.5320360632171
 21
429.4516377821357
 31
0.0
  0
LINE
  5
3A90
330
1F
100
AcDbEntity
  8
0
100
AcDbLine
 10
878.5320360632171
 20
429.4516377821357
 30
0.0
 11
877.8145452599705
 21
429.4516377821357
 31
0.0
  0
LINE
  5
3A91
330
1F
100
AcDbEntity
  8
0
100
AcDbLine
 10
877.8145452599705
 20
429.4516377821357
 30
0.0
 11
876.8138560628155
 21
426.7270411200906
 31
0.0
  0
LINE
  5
3A92
330
1F
100
AcDbEntity
  8
0
100
AcDbLine
 10
875.7208483722337
 20
426.7270411200906
 30
0.0
 11
876.8138560628155
 21
426.7270411200906
 31
0.0
  0
LINE
  5
3A93
330
1F
100
AcDbEntity
  8
0
100
AcDbLine
 10
875.7208483722337
 20
426.7270411200906
 30
0.0
 11
874.7051869535759
 21
429.4516377821357
 31
0.0
  0
LINE
  5
3A94
330
1F
100
AcDbEntity
  8
0
100
AcDbLine
 10
874.7051869535759
 20
429.4516377821357
 30
0.0
 11
873.9876961503293
 21
429.4516377821357
 31
0.0
  0
LINE
  5
3A95
330
1F
100
AcDbEntity
  8
0
100
AcDbLine
 10
873.9876961503293
 20
429.4516377821357
 30
0.0
 11
872.9870069531743
 21
426.7270411200906
 31
0.0
  0
LINE
  5
3A96
330
1F
100
AcDbEntity
  8
0
100
AcDbLine
 10
872.9870069531743
 20
426.7270411200906
 30
0.0
 11
871.8939992625927
 21
426.7270411200907
 31
0.0
  0
LINE
  5
3A97
330
1F
100
AcDbEntity
  8
0
100
AcDbLine
 10
871.8939992625927
 20
426.7270411200906
 30
0.0
 11
870.8783378439349
 21
429.4516377821357
 31
0.0
  0
LINE
  5
3A98
330
1F
100
AcDbEntity
  8
0
100
AcDbLine
 10
870.8783378439349
 20
429.4516377821357
 30
0.0
 11
870.1608470406883
 21
429.4516377821357
 31
0.0
  0
LINE
  5
3A99
330
1F
100
AcDbEntity
  8
0
100
AcDbLine
 10
870.1608470406883
 20
429.4516377821357
 30
0.0
 11
869.1601578435333
 21
426.7270411200906
 31
0.0
  0
LINE
  5
3A9A
330
1F
100
AcDbEntity
  8
0
100
AcDbLine
 10
869.1601578435333
 20
426.7270411200906
 30
0.0
 11
868.0671501529515
 21
426.7270411200907
 31
0.0
  0
LINE
  5
3A9B
330
1F
100
AcDbEntity
  8
0
100
AcDbLine
 10
868.0671501529516
 20
426.7270411200906
 30
0.0
 11
867.0514887342937
 21
429.4516377821357
 31
0.0
  0
LINE
  5
3A9C
330
1F
100
AcDbEntity
  8
0
100
AcDbLine
 10
867.0514887342937
 20
429.4516377821357
 30
0.0
 11
866.3339979310471
 21
429.4516377821357
 31
0.0
  0
LINE
  5
3A9D
330
1F
100
AcDbEntity
  8
0
100
AcDbLine
 10
866.3339979310471
 20
429.4516377821357
 30
0.0
 11
865.3333087338923
 21
426.7270411200906
 31
0.0
  0
LINE
  5
3A9E
330
1F
100
AcDbEntity
  8
0
100
AcDbLine
 10
864.2403010433104
 20
426.7270411200907
 30
0.0
 11
865.3333087338923
 21
426.7270411200906
 31
0.0
  0
LINE
  5
3A9F
330
1F
100
AcDbEntity
  8
0
100
AcDbLine
 10
864.2403010433104
 20
426.7270411200906
 30
0.0
 11
863.2246396246527
 21
429.4516377821357
 31
0.0
  0
LINE
  5
3AA0
330
1F
100
AcDbEntity
  8
0
100
AcDbLine
 10
863.2246396246527
 20
429.4516377821357
 30
0.0
 11
862.5071488214061
 21
429.4516377821357
 31
0.0
  0
LINE
  5
3AA1
330
1F
100
AcDbEntity
  8
0
100
AcDbLine
 10
862.5071488214061
 20
429.4516377821357
 30
0.0
 11
861.5064596242511
 21
426.7270411200906
 31
0.0
  0
LINE
  5
3AA2
330
1F
100
AcDbEntity
  8
0
100
AcDbLine
 10
860.4134519336692
 20
426.7270411200907
 30
0.0
 11
861.5064596242511
 21
426.7270411200906
 31
0.0
  0
LINE
  5
3AA3
330
1F
100
AcDbEntity
  8
0
100
AcDbLine
 10
860.4134519336694
 20
426.7270411200906
 30
0.0
 11
859.3977905150115
 21
429.4516377821357
 31
0.0
  0
LINE
  5
3AA4
330
1F
100
AcDbEntity
  8
0
100
AcDbLine
 10
859.3977905150115
 20
429.4516377821357
 30
0.0
 11
858.6802997117649
 21
429.4516377821357
 31
0.0
  0
LINE
  5
3AA5
330
1F
100
AcDbEntity
  8
0
100
AcDbLine
 10
858.6802997117649
 20
429.4516377821357
 30
0.0
 11
857.6796105146101
 21
426.7270411200907
 31
0.0
  0
LINE
  5
3AA6
330
1F
100
AcDbEntity
  8
0
100
AcDbLine
 10
857.6796105146101
 20
426.7270411200907
 30
0.0
 11
856.5866028240282
 21
426.7270411200909
 31
0.0
  0
LINE
  5
3AA7
330
1F
100
AcDbEntity
  8
0
100
AcDbLine
 10
856.5866028240284
 20
426.7270411200907
 30
0.0
 11
855.5709414053707
 21
429.4516377821358
 31
0.0
  0
LINE
  5
3AA8
330
1F
100
AcDbEntity
  8
0
100
AcDbLine
 10
855.5709414053707
 20
429.4516377821358
 30
0.0
 11
854.8534506021239
 21
429.4516377821358
 31
0.0
  0
LINE
  5
3AA9
330
1F
100
AcDbEntity
  8
0
100
AcDbLine
 10
854.8534506021239
 20
429.4516377821358
 30
0.0
 11
853.8527614049691
 21
426.7270411200907
 31
0.0
  0
LINE
  5
3AAA
330
1F
100
AcDbEntity
  8
0
100
AcDbLine
 10
853.8527614049691
 20
426.7270411200907
 30
0.0
 11
852.7597537143872
 21
426.7270411200909
 31
0.0
  0
LINE
  5
3AAB
330
1F
100
AcDbEntity
  8
0
100
AcDbLine
 10
852.7597537143872
 20
426.7270411200907
 30
0.0
 11
851.7440922957295
 21
429.4516377821358
 31
0.0
  0
LINE
  5
3AAC
330
1F
100
AcDbEntity
  8
0
100
AcDbLine
 10
851.7440922957295
 20
429.4516377821358
 30
0.0
 11
851.0266014924829
 21
429.4516377821358
 31
0.0
  0
LINE
  5
3AAD
330
1F
100
AcDbEntity
  8
0
100
AcDbLine
 10
851.0266014924829
 20
429.4516377821358
 30
0.0
 11
850.0259122953279
 21
426.7270411200907
 31
0.0
  0
LINE
  5
3AAE
330
1F
100
AcDbEntity
  8
0
100
AcDbLine
 10
848.932904604746
 20
426.7270411200909
 30
0.0
 11
850.0259122953279
 21
426.7270411200907
 31
0.0
  0
LINE
  5
3AAF
330
1F
100
AcDbEntity
  8
0
100
AcDbLine
 10
848.9329046047462
 20
426.7270411200907
 30
0.0
 11
847.9172431860884
 21
429.4516377821358
 31
0.0
  0
LINE
  5
3AB0
330
1F
100
AcDbEntity
  8
0
100
AcDbLine
 10
847.9172431860884
 20
429.4516377821358
 30
0.0
 11
847.1997523828417
 21
429.4516377821358
 31
0.0
  0
LINE
  5
3AB1
330
1F
100
AcDbEntity
  8
0
100
AcDbLine
 10
847.1997523828417
 20
429.4516377821358
 30
0.0
 11
846.1990631856869
 21
426.7270411200907
 31
0.0
  0
LINE
  5
3AB2
330
1F
100
AcDbEntity
  8
0
100
AcDbLine
 10
846.1990631856869
 20
426.7270411200907
 30
0.0
 11
845.1060554951052
 21
426.7270411200909
 31
0.0
  0
LINE
  5
3AB3
330
1F
100
AcDbEntity
  8
0
100
AcDbLine
 10
845.1060554951052
 20
426.7270411200907
 30
0.0
 11
844.0903940764474
 21
429.4516377821358
 31
0.0
  0
LINE
  5
3AB4
330
1F
100
AcDbEntity
  8
0
100
AcDbLine
 10
844.0903940764474
 20
429.4516377821358
 30
0.0
 11
843.3729032732008
 21
429.4516377821358
 31
0.0
  0
LINE
  5
3AB5
330
1F
100
AcDbEntity
  8
0
100
AcDbLine
 10
843.3729032732008
 20
429.4516377821358
 30
0.0
 11
842.3722140760457
 21
426.7270411200907
 31
0.0
  0
LINE
  5
3AB6
330
1F
100
AcDbEntity
  8
0
100
AcDbLine
 10
842.3722140760457
 20
426.7270411200907
 30
0.0
 11
841.2792063854638
 21
426.727041120091
 31
0.0
  0
LINE
  5
3AB7
330
1F
100
AcDbEntity
  8
0
100
AcDbLine
 10
841.279206385464
 20
426.7270411200907
 30
0.0
 11
840.2635449668062
 21
429.4516377821359
 31
0.0
  0
LINE
  5
3AB8
330
1F
100
AcDbEntity
  8
0
100
AcDbLine
 10
840.2635449668062
 20
429.4516377821359
 30
0.0
 11
839.5460541635596
 21
429.4516377821359
 31
0.0
  0
LINE
  5
3AB9
330
1F
100
AcDbEntity
  8
0
100
AcDbLine
 10
839.5460541635596
 20
429.4516377821359
 30
0.0
 11
838.5453649664047
 21
426.7270411200907
 31
0.0
  0
LINE
  5
3ABA
330
1F
100
AcDbEntity
  8
0
100
AcDbLine
 10
837.4523572758226
 20
426.727041120091
 30
0.0
 11
838.5453649664047
 21
426.7270411200907
 31
0.0
  0
LINE
  5
3ABB
330
1F
100
AcDbEntity
  8
0
100
AcDbLine
 10
837.452357275823
 20
426.7270411200907
 30
0.0
 11
836.4366958571652
 21
429.4516377821359
 31
0.0
  0
LINE
  5
3ABC
330
1F
100
AcDbEntity
  8
0
100
AcDbLine
 10
836.4366958571652
 20
429.4516377821359
 30
0.0
 11
835.7192050539186
 21
429.4516377821359
 31
0.0
  0
LINE
  5
3ABD
330
1F
100
AcDbEntity
  8
0
100
AcDbLine
 10
835.7192050539186
 20
429.4516377821359
 30
0.0
 11
834.7185158567636
 21
426.7270411200907
 31
0.0
  0
LINE
  5
3ABE
330
1F
100
AcDbEntity
  8
0
100
AcDbLine
 10
833.6255081661818
 20
426.727041120091
 30
0.0
 11
834.7185158567636
 21
426.7270411200907
 31
0.0
  0
LINE
  5
3ABF
330
1F
100
AcDbEntity
  8
0
100
AcDbLine
 10
833.6255081661819
 20
426.7270411200907
 30
0.0
 11
832.609846747524
 21
429.4516377821359
 31
0.0
  0
LINE
  5
3AC0
330
1F
100
AcDbEntity
  8
0
100
AcDbLine
 10
832.609846747524
 20
429.4516377821359
 30
0.0
 11
831.8923559442774
 21
429.4516377821359
 31
0.0
  0
LINE
  5
3AC1
330
1F
100
AcDbEntity
  8
0
100
AcDbLine
 10
831.8923559442774
 20
429.4516377821359
 30
0.0
 11
830.8916667471226
 21
426.7270411200907
 31
0.0
  0
LINE
  5
3AC2
330
1F
100
AcDbEntity
  8
0
100
AcDbLine
 10
829.7986590565409
 20
426.7270411200911
 30
0.0
 11
830.8916667471226
 21
426.7270411200907
 31
0.0
  0
LINE
  5
3AC3
330
1F
100
AcDbEntity
  8
0
100
AcDbLine
 10
829.7986590565409
 20
426.7270411200907
 30
0.0
 11
828.782997637883
 21
429.4516377821359
 31
0.0
  0
LINE
  5
3AC4
330
1F
100
AcDbEntity
  8
0
100
AcDbLine
 10
828.782997637883
 20
429.4516377821359
 30
0.0
 11
828.0655068346364
 21
429.451637782136
 31
0.0
  0
LINE
  5
3AC5
330
1F
100
AcDbEntity
  8
0
100
AcDbLine
 10
828.0655068346364
 20
429.451637782136
 30
0.0
 11
827.0648176374814
 21
426.7270411200909
 31
0.0
  0
LINE
  5
3AC6
330
1F
100
AcDbEntity
  8
0
100
AcDbLine
 10
827.0648176374814
 20
426.7270411200909
 30
0.0
 11
825.9718099468994
 21
426.7270411200912
 31
0.0
  0
LINE
  5
3AC7
330
1F
100
AcDbEntity
  8
0
100
AcDbLine
 10
825.9718099468997
 20
426.7270411200909
 30
0.0
 11
824.956148528242
 21
429.451637782136
 31
0.0
  0
LINE
  5
3AC8
330
1F
100
AcDbEntity
  8
0
100
AcDbLine
 10
824.956148528242
 20
429.451637782136
 30
0.0
 11
824.2386577249952
 21
429.451637782136
 31
0.0
  0
LINE
  5
3AC9
330
1F
100
AcDbEntity
  8
0
100
AcDbLine
 10
824.2386577249952
 20
429.451637782136
 30
0.0
 11
823.2379685278404
 21
426.7270411200909
 31
0.0
  0
LINE
  5
3ACA
330
1F
100
AcDbEntity
  8
0
100
AcDbLine
 10
822.1449608372585
 20
426.7270411200911
 30
0.0
 11
823.2379685278404
 21
426.7270411200909
 31
0.0
  0
LINE
  5
3ACB
330
1F
100
AcDbEntity
  8
0
100
AcDbLine
 10
822.1449608372587
 20
426.7270411200909
 30
0.0
 11
821.1292994186008
 21
429.451637782136
 31
0.0
  0
LINE
  5
3ACC
330
1F
100
AcDbEntity
  8
0
100
AcDbLine
 10
821.1292994186008
 20
429.451637782136
 30
0.0
 11
820.4118086153542
 21
429.451637782136
 31
0.0
  0
LINE
  5
3ACD
330
1F
100
AcDbEntity
  8
0
100
AcDbLine
 10
820.4118086153542
 20
429.451637782136
 30
0.0
 11
819.4111194181992
 21
426.7270411200909
 31
0.0
  0
LINE
  5
3ACE
330
1F
100
AcDbEntity
  8
0
100
AcDbLine
 10
819.4111194181992
 20
426.7270411200909
 30
0.0
 11
818.3181117276173
 21
426.7270411200911
 31
0.0
  0
LINE
  5
3ACF
330
1F
100
AcDbEntity
  8
0
100
AcDbLine
 10
818.3181117276175
 20
426.7270411200909
 30
0.0
 11
817.3024503089598
 21
429.451637782136
 31
0.0
  0
LINE
  5
3AD0
330
1F
100
AcDbEntity
  8
0
100
AcDbLine
 10
817.3024503089598
 20
429.451637782136
 30
0.0
 11
816.5849595057132
 21
429.451637782136
 31
0.0
  0
LINE
  5
3AD1
330
1F
100
AcDbEntity
  8
0
100
AcDbLine
 10
816.5849595057132
 20
429.451637782136
 30
0.0
 11
815.5842703085582
 21
426.7270411200909
 31
0.0
  0
LINE
  5
3AD2
330
1F
100
AcDbEntity
  8
0
100
AcDbLine
 10
814.4912626179765
 20
426.7270411200912
 30
0.0
 11
815.5842703085582
 21
426.7270411200909
 31
0.0
  0
LINE
  5
3AD3
330
1F
100
AcDbEntity
  8
0
100
AcDbLine
 10
814.4912626179767
 20
426.7270411200909
 30
0.0
 11
813.4756011993188
 21
429.4516377821361
 31
0.0
  0
LINE
  5
3AD4
330
1F
100
AcDbEntity
  8
0
100
AcDbLine
 10
813.4756011993188
 20
429.4516377821361
 30
0.0
 11
812.7581103960721
 21
429.4516377821361
 31
0.0
  0
LINE
  5
3AD5
330
1F
100
AcDbEntity
  8
0
100
AcDbLine
 10
812.7581103960721
 20
429.4516377821361
 30
0.0
 11
811.7574211989172
 21
426.727041120091
 31
0.0
  0
LINE
  5
3AD6
330
1F
100
AcDbEntity
  8
0
100
AcDbLine
 10
811.7574211989172
 20
426.727041120091
 30
0.0
 11
810.6644135083351
 21
426.7270411200914
 31
0.0
  0
LINE
  5
3AD7
330
1F
100
AcDbEntity
  8
0
100
AcDbLine
 10
810.6644135083353
 20
426.727041120091
 30
0.0
 11
809.6487520896776
 21
429.4516377821361
 31
0.0
  0
LINE
  5
3AD8
330
1F
100
AcDbEntity
  8
0
100
AcDbLine
 10
809.6487520896776
 20
429.4516377821361
 30
0.0
 11
808.931261286431
 21
429.4516377821361
 31
0.0
  0
LINE
  5
3AD9
330
1F
100
AcDbEntity
  8
0
100
AcDbLine
 10
808.931261286431
 20
429.4516377821361
 30
0.0
 11
807.930572089276
 21
426.727041120091
 31
0.0
  0
LINE
  5
3ADA
330
1F
100
AcDbEntity
  8
0
100
AcDbLine
 10
807.930572089276
 20
426.727041120091
 30
0.0
 11
806.8375643986943
 21
426.7270411200914
 31
0.0
  0
LINE
  5
3ADB
330
1F
100
AcDbEntity
  8
0
100
AcDbLine
 10
806.8375643986945
 20
426.727041120091
 30
0.0
 11
805.8219029800365
 21
429.4516377821361
 31
0.0
  0
LINE
  5
3ADC
330
1F
100
AcDbEntity
  8
0
100
AcDbLine
 10
805.8219029800365
 20
429.4516377821361
 30
0.0
 11
805.1044121767899
 21
429.4516377821361
 31
0.0
  0
LINE
  5
3ADD
330
1F
100
AcDbEntity
  8
0
100
AcDbLine
 10
805.1044121767899
 20
429.4516377821361
 30
0.0
 11
804.1037229796351
 21
426.727041120091
 31
0.0
  0
LINE
  5
3ADE
330
1F
100
AcDbEntity
  8
0
100
AcDbLine
 10
803.0107152890533
 20
426.7270411200914
 30
0.0
 11
804.1037229796351
 21
426.727041120091
 31
0.0
  0
LINE
  5
3ADF
330
1F
100
AcDbEntity
  8
0
100
AcDbLine
 10
803.0107152890533
 20
426.727041120091
 30
0.0
 11
801.9950538703955
 21
429.4516377821361
 31
0.0
  0
LINE
  5
3AE0
330
1F
100
AcDbEntity
  8
0
100
AcDbLine
 10
801.9950538703955
 20
429.4516377821361
 30
0.0
 11
801.2775630671489
 21
429.4516377821361
 31
0.0
  0
LINE
  5
3AE1
330
1F
100
AcDbEntity
  8
0
100
AcDbLine
 10
801.2775630671489
 20
429.4516377821361
 30
0.0
 11
800.2768738699939
 21
426.727041120091
 31
0.0
  0
LINE
  5
3AE2
330
1F
100
AcDbEntity
  8
0
100
AcDbLine
 10
800.2768738699939
 20
426.727041120091
 30
0.0
 11
799.1838661794121
 21
426.7270411200914
 31
0.0
  0
LINE
  5
3AE3
330
1F
100
AcDbEntity
  8
0
100
AcDbLine
 10
799.1838661794122
 20
426.7270411200911
 30
0.0
 11
798.1682047607543
 21
429.4516377821362
 31
0.0
  0
LINE
  5
3AE4
330
1F
100
AcDbEntity
  8
0
100
AcDbLine
 10
798.1682047607543
 20
429.4516377821362
 30
0.0
 11
797.4507139575077
 21
429.4516377821362
 31
0.0
  0
LINE
  5
3AE5
330
1F
100
AcDbEntity
  8
0
100
AcDbLine
 10
797.4507139575077
 20
429.4516377821362
 30
0.0
 11
796.4500247603528
 21
426.7270411200911
 31
0.0
  0
LINE
  5
3AE6
330
1F
100
AcDbEntity
  8
0
100
AcDbLine
 10
796.4500247603528
 20
426.7270411200911
 30
0.0
 11
795.3570170697712
 21
426.7270411200914
 31
0.0
  0
LINE
  5
3AE7
330
1F
100
AcDbEntity
  8
0
100
AcDbLine
 10
795.3570170697712
 20
426.7270411200911
 30
0.0
 11
794.3413556511134
 21
429.4516377821362
 31
0.0
  0
LINE
  5
3AE8
330
1F
100
AcDbEntity
  8
0
100
AcDbLine
 10
794.3413556511134
 20
429.4516377821362
 30
0.0
 11
793.6238648478668
 21
429.4516377821362
 31
0.0
  0
LINE
  5
3AE9
330
1F
100
AcDbEntity
  8
0
100
AcDbLine
 10
793.6238648478668
 20
429.4516377821362
 30
0.0
 11
792.6231756507117
 21
426.7270411200911
 31
0.0
  0
LINE
  5
3AEA
330
1F
100
AcDbEntity
  8
0
100
AcDbLine
 10
792.6231756507117
 20
426.7270411200911
 30
0.0
 11
791.53016796013
 21
426.7270411200912
 31
0.0
  0
LINE
  5
3AEB
330
1F
100
AcDbEntity
  8
0
100
AcDbLine
 10
791.5301679601301
 20
426.7270411200911
 30
0.0
 11
790.5145065414723
 21
429.4516377821362
 31
0.0
  0
LINE
  5
3AEC
330
1F
100
AcDbEntity
  8
0
100
AcDbLine
 10
790.5145065414723
 20
429.4516377821362
 30
0.0
 11
789.7970157382257
 21
429.4516377821362
 31
0.0
  0
LINE
  5
3AED
330
1F
100
AcDbEntity
  8
0
100
AcDbLine
 10
789.7970157382257
 20
429.4516377821362
 30
0.0
 11
788.7963265410708
 21
426.7270411200911
 31
0.0
  0
LINE
  5
3AEE
330
1F
100
AcDbEntity
  8
0
100
AcDbLine
 10
788.7963265410708
 20
426.7270411200911
 30
0.0
 11
787.7033188504891
 21
426.7270411200912
 31
0.0
  0
LINE
  5
3AEF
330
1F
100
AcDbEntity
  8
0
100
AcDbLine
 10
787.703318850489
 20
426.7270411200911
 30
0.0
 11
786.6876574318312
 21
429.4516377821362
 31
0.0
  0
LINE
  5
3AF0
330
1F
100
AcDbEntity
  8
0
100
AcDbLine
 10
786.6876574318312
 20
429.4516377821362
 30
0.0
 11
785.9701666285846
 21
429.4516377821362
 31
0.0
  0
LINE
  5
3AF1
330
1F
100
AcDbEntity
  8
0
100
AcDbLine
 10
785.9701666285846
 20
429.4516377821362
 30
0.0
 11
784.9694774314295
 21
426.7270411200911
 31
0.0
  0
LINE
  5
3AF2
330
1F
100
AcDbEntity
  8
0
100
AcDbLine
 10
783.8764697408478
 20
426.7270411200912
 30
0.0
 11
784.9694774314295
 21
426.7270411200911
 31
0.0
  0
LINE
  5
3AF3
330
1F
100
AcDbEntity
  8
0
100
AcDbLine
 10
783.8764697408479
 20
426.7270411200912
 30
0.0
 11
782.8608083221901
 21
429.4516377821363
 31
0.0
  0
LINE
  5
3AF4
330
1F
100
AcDbEntity
  8
0
100
AcDbLine
 10
782.8608083221901
 20
429.4516377821363
 30
0.0
 11
782.1433175189436
 21
429.4516377821363
 31
0.0
  0
LINE
  5
3AF5
330
1F
100
AcDbEntity
  8
0
100
AcDbLine
 10
782.1433175189436
 20
429.4516377821363
 30
0.0
 11
781.1426283217886
 21
426.7270411200912
 31
0.0
  0
LINE
  5
3AF6
330
1F
100
AcDbEntity
  8
0
100
AcDbLine
 10
780.0496206312067
 20
426.7270411200912
 30
0.0
 11
781.1426283217886
 21
426.7270411200912
 31
0.0
  0
LINE
  5
3AF7
330
1F
100
AcDbEntity
  8
0
100
AcDbLine
 10
780.0496206312069
 20
426.7270411200912
 30
0.0
 11
779.0339592125491
 21
429.4516377821363
 31
0.0
  0
LINE
  5
3AF8
330
1F
100
AcDbEntity
  8
0
100
AcDbLine
 10
779.0339592125491
 20
429.4516377821363
 30
0.0
 11
778.3164684093025
 21
429.4516377821363
 31
0.0
  0
LINE
  5
3AF9
330
1F
100
AcDbEntity
  8
0
100
AcDbLine
 10
778.3164684093025
 20
429.4516377821363
 30
0.0
 11
777.3157792121476
 21
426.7270411200912
 31
0.0
  0
LINE
  5
3AFA
330
1F
100
AcDbEntity
  8
0
100
AcDbLine
 10
776.2227715215657
 20
426.7270411200914
 30
0.0
 11
777.3157792121476
 21
426.7270411200912
 31
0.0
  0
LINE
  5
3AFB
330
1F
100
AcDbEntity
  8
0
100
AcDbLine
 10
776.2227715215657
 20
426.7270411200912
 30
0.0
 11
775.207110102908
 21
429.4516377821363
 31
0.0
  0
LINE
  5
3AFC
330
1F
100
AcDbEntity
  8
0
100
AcDbLine
 10
775.207110102908
 20
429.4516377821363
 30
0.0
 11
774.4896192996614
 21
429.4516377821363
 31
0.0
  0
LINE
  5
3AFD
330
1F
100
AcDbEntity
  8
0
100
AcDbLine
 10
774.4896192996614
 20
429.4516377821363
 30
0.0
 11
773.4889301025064
 21
426.7270411200912
 31
0.0
  0
LINE
  5
3AFE
330
1F
100
AcDbEntity
  8
0
100
AcDbLine
 10
773.4889301025064
 20
426.7270411200912
 30
0.0
 11
772.3959224119245
 21
426.7270411200914
 31
0.0
  0
LINE
  5
3AFF
330
1F
100
AcDbEntity
  8
0
100
AcDbLine
 10
772.3959224119247
 20
426.7270411200912
 30
0.0
 11
771.3802609932669
 21
429.4516377821363
 31
0.0
  0
LINE
  5
3B00
330
1F
100
AcDbEntity
  8
0
100
AcDbLine
 10
771.3802609932669
 20
429.4516377821363
 30
0.0
 11
770.6627701900202
 21
429.4516377821363
 31
0.0
  0
LINE
  5
3B01
330
1F
100
AcDbEntity
  8
0
100
AcDbLine
 10
770.6627701900202
 20
429.4516377821363
 30
0.0
 11
769.6620809928654
 21
426.7270411200912
 31
0.0
  0
LINE
  5
3B02
330
1F
100
AcDbEntity
  8
0
100
AcDbLine
 10
768.5690733022836
 20
426.7270411200914
 30
0.0
 11
769.6620809928654
 21
426.7270411200912
 31
0.0
  0
LINE
  5
3B03
330
1F
100
AcDbEntity
  8
0
100
AcDbLine
 10
768.5690733022836
 20
426.7270411200912
 30
0.0
 11
767.5534118836258
 21
429.4516377821365
 31
0.0
  0
LINE
  5
3B04
330
1F
100
AcDbEntity
  8
0
100
AcDbLine
 10
767.5534118836258
 20
429.4516377821365
 30
0.0
 11
766.8359210803791
 21
429.4516377821365
 31
0.0
  0
LINE
  5
3B05
330
1F
100
AcDbEntity
  8
0
100
AcDbLine
 10
766.8359210803791
 20
429.4516377821365
 30
0.0
 11
765.8352318832243
 21
426.7270411200912
 31
0.0
  0
LINE
  5
3B06
330
1F
100
AcDbEntity
  8
0
100
AcDbLine
 10
764.7422241926425
 20
426.7270411200914
 30
0.0
 11
765.8352318832243
 21
426.7270411200912
 31
0.0
  0
LINE
  5
3B07
330
1F
100
AcDbEntity
  8
0
100
AcDbLine
 10
764.7422241926427
 20
426.7270411200912
 30
0.0
 11
763.7265627739848
 21
429.4516377821365
 31
0.0
  0
LINE
  5
3B08
330
1F
100
AcDbEntity
  8
0
100
AcDbLine
 10
763.7265627739848
 20
429.4516377821365
 30
0.0
 11
763.0090719707382
 21
429.4516377821365
 31
0.0
  0
LINE
  5
3B09
330
1F
100
AcDbEntity
  8
0
100
AcDbLine
 10
763.0090719707382
 20
429.4516377821365
 30
0.0
 11
762.0083827735832
 21
426.7270411200912
 31
0.0
  0
LINE
  5
3B0A
330
1F
100
AcDbEntity
  8
0
100
AcDbLine
 10
760.9153750830016
 20
426.7270411200914
 30
0.0
 11
762.0083827735832
 21
426.7270411200912
 31
0.0
  0
LINE
  5
3B0B
330
1F
100
AcDbEntity
  8
0
100
AcDbLine
 10
760.9153750830014
 20
426.7270411200912
 30
0.0
 11
759.8997136643437
 21
429.4516377821365
 31
0.0
  0
LINE
  5
3B0C
330
1F
100
AcDbEntity
  8
0
100
AcDbLine
 10
759.8997136643437
 20
429.4516377821365
 30
0.0
 11
759.1822228610971
 21
429.4516377821365
 31
0.0
  0
LINE
  5
3B0D
330
1F
100
AcDbEntity
  8
0
100
AcDbLine
 10
759.1822228610971
 20
429.4516377821365
 30
0.0
 11
758.181533663942
 21
426.7270411200912
 31
0.0
  0
LINE
  5
3B0E
330
1F
100
AcDbEntity
  8
0
100
AcDbLine
 10
757.0885259733603
 20
426.7270411200914
 30
0.0
 11
758.181533663942
 21
426.7270411200912
 31
0.0
  0
CIRCLE
  5
3B0F
330
1F
100
AcDbEntity
  8
0
100
AcDbCircle
 10
763.983335439187
 20
418.9428056557971
 30
0.0
 40
2.5
  0
CIRCLE
  5
3B10
330
1F
100
AcDbEntity
  8
0
100
AcDbCircle
 10
871.5356507546143
 20
418.9428056557971
 30
0.0
 40
2.5
  0
ARC
  5
3B73
330
1F
100
AcDbEntity
  8
0
100
AcDbCircle
 10
849.0606820239465
 20
353.4406721688454
 30
0.0
 40
3.240551756993894
100
AcDbArc
 50
186.5839348356807
 51
219.3001328708823
  0
LINE
  5
3B74
330
1F
100
AcDbEntity
  8
0
100
AcDbLine
 10
846.5530175325179
 20
351.3881628538401
 30
0.0
 11
847.3435755791399
 21
350.6924507172588
 31
0.0
  0
ARC
  5
3B75
330
1F
100
AcDbEntity
  8
0
100
AcDbCircle
 10
853.0397043399819
 20
345.6797056982457
 30
0.0
 40
7.587720045292421
100
AcDbArc
 50
138.6513627806735
 51
149.1977767002012
  0
LINE
  5
3B76
330
1F
100
AcDbEntity
  8
0
100
AcDbLine
 10
846.5223078792359
 20
349.5651965114103
 30
0.0
 11
845.6326016332061
 21
350.095614672433
 31
0.0
  0
ARC
  5
3B77
330
1F
100
AcDbEntity
  8
0
100
AcDbCircle
 10
844.4187494319645
 20
347.1580652011577
 30
0.0
 40
3.1784641043512
100
AcDbArc
 50
67.54864041220717
 51
101.3721834293883
  0
ARC
  5
3B78
330
1F
100
AcDbEntity
  8
0
100
AcDbCircle
 10
846.2670747565216
 20
348.7456458401208
 30
0.0
 40
2.908981285987171
100
AcDbArc
 50
148.3024644191204
 51
164.9194673305702
  0
ARC
  5
3B79
330
1F
100
AcDbEntity
  8
0
100
AcDbCircle
 10
846.2480171280331
 20
351.1512871848296
 30
0.0
 40
3.240551756993389
100
AcDbArc
 50
210.5839348356838
 51
243.3001328708866
  0
LINE
  5
3B7A
330
1F
100
AcDbEntity
  8
0
100
AcDbLine
 10
844.7919823712641
 20
348.2562675861337
 30
0.0
 11
845.7971647027386
 21
347.9422518499726
 31
0.0
  0
ARC
  5
3B7B
330
1F
100
AcDbEntity
  8
0
100
AcDbCircle
 10
853.0397043399823
 20
345.6797056982448
 30
0.0
 40
7.587720045293136
100
AcDbArc
 50
162.651362780673
 51
173.1977767002
  0
LINE
  5
3B7C
330
1F
100
AcDbEntity
  8
0
100
AcDbLine
 10
845.5053949175626
 20
346.5784142232857
 30
0.0
 11
844.4768673156252
 21
346.7010991931055
 31
0.0
  0
ARC
  5
3B7D
330
1F
100
AcDbEntity
  8
0
100
AcDbCircle
 10
844.5627671617474
 20
343.5237960474978
 30
0.0
 40
3.178464104351636
100
AcDbArc
 50
91.54864041221122
 51
125.3721834293851
  0
ARC
  5
3B7E
330
1F
100
AcDbEntity
  8
0
100
AcDbCircle
 10
844.6096966516074
 20
347.9158160540262
 30
0.0
 40
3.240551756993281
100
AcDbArc
 50
234.5839348356845
 51
267.3001328708934
  0
LINE
  5
3B7F
330
1F
100
AcDbEntity
  8
0
100
AcDbLine
 10
844.4570532666036
 20
344.6788613606813
 30
0.0
 11
845.5030547260241
 21
344.8008381984664
 31
0.0
  0
ARC
  5
3B80
330
1F
100
AcDbEntity
  8
0
100
AcDbCircle
 10
853.0397043399814
 20
345.6797056982442
 30
0.0
 40
7.587720045292214
100
AcDbArc
 50
186.6513627806694
 51
197.1977767001978
  0
LINE
  5
3B81
330
1F
100
AcDbEntity
  8
0
100
AcDbLine
 10
845.7912325020782
 20
343.436237066671
 30
0.0
 11
844.8017253104879
 21
343.1299754994479
 31
0.0
  0
ARC
  5
3B82
330
1F
100
AcDbEntity
  8
0
100
AcDbCircle
 10
846.1725243402034
 20
340.2623032582771
 30
0.0
 40
3.178464104351398
100
AcDbArc
 50
115.5486404122145
 51
149.3721834293866
  0
ARC
  5
3B83
330
1F
100
AcDbEntity
  8
0
100
AcDbCircle
 10
846.229493048499
 20
342.6981754546121
 30
0.0
 40
2.908981285986713
100
AcDbArc
 50
196.302464419091
 51
212.9194673305409
  0
ARC
  5
3B84
330
1F
100
AcDbEntity
  8
0
100
AcDbCircle
 10
844.4290010887176
 20
344.2937011282838
 30
0.0
 40
3.240551756993625
100
AcDbArc
 50
258.5839348356825
 51
291.3001328708905
  0
LINE
  5
3B85
330
1F
100
AcDbEntity
  8
0
100
AcDbLine
 10
845.6061425034679
 20
341.2745102135792
 30
0.0
 11
846.5120999358752
 21
341.8113887219322
 31
0.0
  0
ARC
  5
3B86
330
1F
100
AcDbEntity
  8
0
100
AcDbCircle
 10
853.039704339984
 20
345.6797056982455
 30
0.0
 40
7.587720045295227
100
AcDbArc
 50
210.6513627806743
 51
221.1977767001965
  0
LINE
  5
3B87
330
1F
100
AcDbEntity
  8
0
100
AcDbLine
 10
847.330396717667
 20
340.6819760177279
 30
0.0
 11
846.5510047192401
 21
339.9997233207338
 31
0.0
  0
ARC
  5
3B88
330
1F
100
AcDbEntity
  8
0
100
AcDbCircle
 10
848.969679326993
 20
337.9375285664826
 30
0.0
 40
3.178464104351262
100
AcDbArc
 50
139.5486404122111
 51
173.3721834293799
  0
ARC
  5
3B89
330
1F
100
AcDbEntity
  8
0
100
AcDbCircle
 10
848.0309643515852
 20
340.1859798080154
 30
0.0
 40
2.90898128598682
100
AcDbArc
 50
220.3024644191007
 51
236.9194673305532
  0
ARC
  5
3B8A
330
1F
100
AcDbEntity
  8
0
100
AcDbCircle
 10
845.7371743437551
 20
340.911238984143
 30
0.0
 40
3.240551756993209
100
AcDbArc
 50
282.583934835684
 51
315.3001328708863
  0
LINE
  5
3B8B
330
1F
100
AcDbEntity
  8
0
100
AcDbLine
 10
848.0405621136549
 20
338.6318573857202
 30
0.0
 11
848.6498272486208
 21
339.4908063931592
 31
0.0
  0
ARC
  5
3B8C
330
1F
100
AcDbEntity
  8
0
100
AcDbCircle
 10
853.0397043399833
 20
345.6797056982448
 30
0.0
 40
7.587720045294126
100
AcDbArc
 50
234.6513627806708
 51
245.1977767002022
  0
LINE
  5
3B8D
330
1F
100
AcDbEntity
  8
0
100
AcDbLine
 10
849.8567520885856
 20
338.7918678334951
 30
0.0
 11
849.4222392404047
 21
337.8515916961115
 31
0.0
  0
ARC
  5
3B8E
330
1F
100
AcDbEntity
  8
0
100
AcDbCircle
 10
852.4705786135454
 20
336.9514466362416
 30
0.0
 40
3.178464104351276
100
AcDbArc
 50
163.5486404122188
 51
197.3721834293952
  0
ARC
  5
3B8F
330
1F
100
AcDbEntity
  8
0
100
AcDbCircle
 10
850.69849230164
 20
338.623699276771
 30
0.0
 40
2.90898128598612
100
AcDbArc
 50
244.3024644191008
 51
260.9194673305434
  0
ARC
  5
3B90
330
1F
100
AcDbEntity
  8
0
100
AcDbCircle
 10
848.3080213765422
 20
338.3532880550314
 30
0.0
 40
3.240551756993656
100
AcDbArc
 50
306.5839348356824
 51
339.3001328708862
  0
LINE
  5
3B91
330
1F
100
AcDbEntity
  8
0
100
AcDbLine
 10
851.3393788305553
 20
337.2078415587886
 30
0.0
 11
851.5466041912443
 21
338.2403409786203
 31
0.0
  0
ARC
  5
3B92
330
1F
100
AcDbEntity
  8
0
100
AcDbCircle
 10
853.039704339983
 20
345.6797056982442
 30
0.0
 40
7.587720045293467
100
AcDbArc
 50
258.6513627806674
 51
269.1977767002015
  0
LINE
  5
3B93
330
1F
100
AcDbEntity
  8
0
100
AcDbLine
 10
852.9334688199842
 20
338.0927293901199
 30
0.0
 11
852.9189663409248
 21
337.057012098641
 31
0.0
  0
ARC
  5
3B94
330
1F
100
AcDbEntity
  8
0
100
AcDbCircle
 10
856.069884908544
 20
337.4745599915644
 30
0.0
 40
3.178464104351656
100
AcDbArc
 50
187.5486404122134
 51
221.3721834293864
  0
ARC
  5
3B95
330
1F
100
AcDbEntity
  8
0
100
AcDbCircle
 10
853.7708370823677
 20
338.2814663576052
 30
0.0
 40
2.908981285985563
100
AcDbArc
 50
268.3024644191035
 51
284.9194673305536
  0
ARC
  5
3B96
330
1F
100
AcDbEntity
  8
0
100
AcDbCircle
 10
851.6970193796987
 20
337.0621412948456
 30
0.0
 40
3.240551756993661
100
AcDbArc
 50
330.5839348356804
 51
3.300132870884791
  0
LINE
  5
3B97
330
1F
100
AcDbEntity
  8
0
100
AcDbLine
 10
854.932197275008
 20
337.2486880060385
 30
0.0
 11
854.7015517139737
 21
338.2762093086111
 31
0.0
  0
ARC
  5
3B98
330
1F
100
AcDbEntity
  8
0
100
AcDbCircle
 10
853.0397043399835
 20
345.6797056982443
 30
0.0
 40
7.587720045293536
100
AcDbArc
 50
282.6513627806654
 51
293.1977767001953
  0
LINE
  5
3B99
330
1F
100
AcDbEntity
  8
0
100
AcDbLine
 10
856.0285546379102
 20
338.7054480759354
 30
0.0
 11
856.4365701383524
 21
337.7533745592542
 31
0.0
  0
ARC
  5
3B9A
330
1F
100
AcDbEntity
  8
0
100
AcDbCircle
 10
859.1452454549115
 20
339.4164175809808
 30
0.0
 40
3.178464104351244
100
AcDbArc
 50
211.5486404122112
 51
245.3721834293916
  0
ARC
  5
3B9B
330
1F
100
AcDbEntity
  8
0
100
AcDbCircle
 10
856.7167623698059
 20
339.2184562313316
 30
0.0
 40
2.908981285985884
100
AcDbArc
 50
292.3024644190842
 51
308.9194673305382
  0
ARC
  5
3B9C
330
1F
100
AcDbEntity
  8
0
100
AcDbCircle
 10
855.3181798103981
 20
337.2610497081224
 30
0.0
 40
3.240551756993815
100
AcDbArc
 50
354.5839348356799
 51
27.30013287088633
  0
LINE
  5
3B9D
330
1F
100
AcDbEntity
  8
0
100
AcDbLine
 10
858.1977864982363
 20
338.747334005662
 30
0.0
 11
857.5691507283309
 21
339.5922094230229
 31
0.0
  0
ARC
  5
3B9E
330
1F
100
AcDbEntity
  8
0
100
AcDbCircle
 10
853.0397043399812
 20
345.6797056982471
 30
0.0
 40
7.587720045297057
100
AcDbArc
 50
306.6513627806723
 51
317.1977767001924
  0
LINE
  5
3B9F
330
1F
100
AcDbEntity
  8
0
100
AcDbLine
 10
858.606841086472
 20
340.5240792637897
 30
0.0
 11
859.3668249796854
 21
339.8202716822565
 31
0.0
  0
ARC
  5
3BA0
330
1F
100
AcDbEntity
  8
0
100
AcDbCircle
 10
861.1649024754084
 20
342.4412545860588
 30
0.0
 40
3.178464104351397
100
AcDbArc
 50
235.5486404122177
 51
269.3721834293867
  0
ARC
  5
3BA1
330
1F
100
AcDbEntity
  8
0
100
AcDbCircle
 10
859.0268909188639
 20
341.2726548364951
 30
0.0
 40
2.908981285985395
100
AcDbArc
 50
316.3024644190883
 51
332.919467330543
  0
ARC
  5
3BA2
330
1F
100
AcDbEntity
  8
0
100
AcDbCircle
 10
858.5453711329634
 20
338.9156202231802
 30
0.0
 40
3.240551756993319
100
AcDbArc
 50
18.58393483567706
 51
51.30013287088838
  0
LINE
  5
3BA3
330
1F
100
AcDbEntity
  8
0
100
AcDbLine
 10
860.5714964565976
 20
341.4446500495527
 30
0.0
 11
859.6535673134139
 21
341.9607929465877
 31
0.0
  0
ARC
  5
3BA4
330
1F
100
AcDbEntity
  8
0
100
AcDbCircle
 10
853.0397043399863
 20
345.6797056982434
 30
0.0
 40
7.587720045290661
100
AcDbArc
 50
330.6513627806653
 51
341.1977767001982
  0
LINE
  5
3BA5
330
1F
100
AcDbEntity
  8
0
100
AcDbLine
 10
860.2225190157161
 20
343.234165099557
 30
0.0
 11
861.2030631823268
 21
342.9003181779102
 31
0.0
  0
ARC
  5
3BA6
330
1F
100
AcDbEntity
  8
0
100
AcDbCircle
 10
861.7796389231825
 20
346.0260492088382
 30
0.0
 40
3.178464104351399
100
AcDbArc
 50
259.5486404122166
 51
293.3721834293899
  0
ARC
  5
3BA7
330
1F
100
AcDbEntity
  8
0
100
AcDbCircle
 10
860.3017805165492
 20
344.0888725724555
 30
0.0
 40
2.908981285986543
100
AcDbArc
 50
340.3024644191051
 51
356.9194673305553
  0
ARC
  5
3BA8
330
1F
100
AcDbEntity
  8
0
100
AcDbCircle
 10
860.8205826496096
 20
341.739762566664
 30
0.0
 40
3.240551756993302
100
AcDbArc
 50
42.58393483567904
 51
75.30013287088855
  0
LINE
  5
3BA9
330
1F
100
AcDbEntity
  8
0
100
AcDbLine
 10
861.6428911338127
 20
344.874245689375
 30
0.0
 11
860.5943869053323
 21
344.9724102701761
 31
0.0
  0
ARC
  5
3BAA
330
1F
100
AcDbEntity
  8
0
100
AcDbCircle
 10
853.0397043399847
 20
345.6797056982444
 30
0.0
 40
7.587720045292225
100
AcDbArc
 50
354.6513627806694
 51
5.197776700200193
  0
LINE
  5
3BAB
330
1F
100
AcDbEntity
  8
0
100
AcDbLine
 10
860.5962230337036
 20
346.3671071218763
 30
0.0
 11
861.6277824793405
 21
346.4609460257725
 31
0.0
  0
ARC
  5
3BAC
330
1F
100
AcDbEntity
  8
0
100
AcDbCircle
 10
860.8831612817086
 20
349.5509578922042
 30
0.0
 40
3.178464104351481
100
AcDbArc
 50
283.5486404122185
 51
317.3721834293911
  0
ARC
  5
3BAD
330
1F
100
AcDbEntity
  8
0
100
AcDbCircle
 10
860.3209911694174
 20
347.1801598081302
 30
0.0
 40
2.908981285986144
100
AcDbArc
 50
4.302464419098198
 51
20.91946733054708
  0
ARC
  5
3BAE
330
1F
100
AcDbEntity
  8
0
100
AcDbCircle
 10
861.7504096194609
 20
345.2451568708577
 30
0.0
 40
3.240551756993284
100
AcDbArc
 50
66.58393483568343
 51
99.30013287088364
  0
LINE
  5
3BAF
330
1F
100
AcDbEntity
  8
0
100
AcDbLine
 10
861.2267166568766
 20
348.4431126821053
 30
0.0
 11
860.2289332495649
 21
348.1063253988547
 31
0.0
  0
ARC
  5
3BB0
330
1F
100
AcDbEntity
  8
0
100
AcDbCircle
 10
853.0397043399835
 20
345.6797056982451
 30
0.0
 40
7.587720045293524
100
AcDbArc
 50
18.6513627806668
 51
29.19777670019904
  0
LINE
  5
3BB1
330
1F
100
AcDbEntity
  8
0
100
AcDbLine
 10
859.6633363207292
 20
349.3811911932038
 30
0.0
 11
860.5675450458186
 21
349.8864903236597
 31
0.0
  0
ARC
  5
3BB2
330
1F
100
AcDbEntity
  8
0
100
AcDbCircle
 10
858.6304786794407
 20
352.4064919020121
 30
0.0
 40
3.178464104351388
100
AcDbArc
 50
307.5486404122127
 51
341.3721834293889
  0
ARC
  5
3BB3
330
1F
100
AcDbEntity
  8
0
100
AcDbCircle
 10
859.0812011810836
 20
350.0120048970247
 30
0.0
 40
2.908981285958452
100
AcDbArc
 50
28.30246441900982
 51
44.91946733045639
  0
ARC
  5
3BB4
330
1F
100
AcDbEntity
  8
0
100
AcDbCircle
 10
861.1740765122103
 20
348.8256886150455
 30
0.0
 40
3.240551757000506
100
AcDbArc
 50
90.5839348354457
 51
123.3001328706527
  0
LINE
  5
3BB5
330
1F
100
AcDbEntity
  8
0
100
AcDbLine
 10
859.3949333736775
 20
351.5341615025617
 30
0.0
 11
858.6203966032368
 21
350.8206559361497
 31
0.0
  0
ARC
  5
3BB6
330
1F
100
AcDbEntity
  8
0
100
AcDbCircle
 10
853.0397043399821
 20
345.6797056982441
 30
0.0
 40
7.587720045295021
100
AcDbArc
 50
42.65136278066585
 51
53.19777670019917
  0
LINE
  5
3BB7
330
1F
100
AcDbEntity
  8
0
100
AcDbLine
 10
857.5851634644767
 20
351.7552547955127
 30
0.0
 11
858.2056755659719
 21
352.5846433423742
 31
0.0
  0
ARC
  5
3BB8
330
1F
100
AcDbEntity
  8
0
100
AcDbCircle
 10
855.4111004032908
 20
354.0989034662546
 30
0.0
 40
3.178464104351077
100
AcDbArc
 50
331.5486404122126
 51
5.372183429392858
  0
ARC
  5
3BB9
330
1F
100
AcDbEntity
  8
0
100
AcDbCircle
 10
856.7967815036213
 20
352.0947560967413
 30
0.0
 40
2.908981285958063
100
AcDbArc
 50
52.3024644190167
 51
68.91946733047169
  0
ARC
  5
3BBA
330
1F
100
AcDbEntity
  8
0
100
AcDbCircle
 10
859.1912365579421
 20
351.8622513325707
 30
0.0
 40
3.240551757000102
100
AcDbArc
 50
114.5839348354554
 51
147.3001328706641
  0
LINE
  5
3BBB
330
1F
100
AcDbEntity
  8
0
100
AcDbLine
 10
856.4642732551092
 20
353.6129217283904
 30
0.0
 11
856.0469075655944
 21
352.6460694732443
 31
0.0
  0
ARC
  5
3BBC
330
1F
100
AcDbEntity
  8
0
100
AcDbCircle
 10
853.0397043399819
 20
345.6797056982432
 30
0.0
 40
7.587720045295755
100
AcDbArc
 50
66.65136278066083
 51
77.19777670019585
  0
LINE
  5
3BBD
330
1F
100
AcDbEntity
  8
0
100
AcDbLine
 10
854.7210394313992
 20
353.0788007642733
 30
0.0
 11
854.9505627297765
 21
354.0888699130294
 31
0.0
  0
ARC
  5
3BBE
330
1F
100
AcDbEntity
  8
0
100
AcDbCircle
 10
851.7816862043375
 20
354.3355592503977
 30
0.0
 40
3.178464104351206
100
AcDbArc
 50
355.5486404122167
 51
29.37218342938785
  0
ARC
  5
3BBF
330
1F
100
AcDbEntity
  8
0
100
AcDbCircle
 10
853.8627290525901
 20
353.0682868036538
 30
0.0
 40
2.908981285958775
100
AcDbArc
 50
76.3024644190002
 51
92.91946733045175
  0
ARC
  5
3BC0
330
1F
100
AcDbEntity
  8
0
100
AcDbCircle
 10
856.1447407982726
 20
353.8297957432569
 30
0.0
 40
3.240551756999635
100
AcDbArc
 50
138.5839348354535
 51
171.3001328706659
  0
LINE
  5
3BC1
330
1F
100
AcDbEntity
  8
0
100
AcDbLine
 10
852.941474059884
 20
354.319956831602
 30
0.0
 11
852.9534457706601
 21
353.2669354262135
 31
0.0
  0
ARC
  5
3BC2
330
1F
100
AcDbEntity
  8
0
100
AcDbCircle
 10
853.0397043399833
 20
345.6797056982448
 30
0.0
 40
7.58772004529378
100
AcDbArc
 50
90.65136278067406
 51
101.1977767002024
  0
LINE
  5
3BC3
330
1F
100
AcDbEntity
  8
0
100
AcDbLine
 10
851.5661972865661
 20
353.122975977449
 30
0.0
 11
851.3650451183822
 21
354.1390755960898
 31
0.0
  0
ARC
  5
3BC4
330
1F
100
AcDbEntity
  8
0
100
AcDbCircle
 10
848.3697947697732
 20
353.0755393194128
 30
0.0
 40
3.178464104351402
100
AcDbArc
 50
19.54864041221626
 51
53.37218342938864
  0
ARC
  5
3BC5
330
1F
100
AcDbEntity
  8
0
100
AcDbCircle
 10
850.7863681518061
 20
352.76426471429
 30
0.0
 40
2.908981285958649
100
AcDbArc
 50
100.3024644190242
 51
116.9194673304749
  0
ARC
  5
3BC6
330
1F
100
AcDbEntity
  8
0
100
AcDbCircle
 10
852.5613560265947
 20
354.3881155439162
 30
0.0
 40
3.24055175700005
100
AcDbArc
 50
162.5839348354519
 51
195.3001328706583
  0
LINE
  5
3BC7
330
1F
100
AcDbEntity
  8
0
100
AcDbLine
 10
849.4356597724818
 20
353.5330140196389
 30
0.0
 11
849.8748988659965
 21
352.5759004313986
 31
0.0
  0
ARC
  5
3BC8
330
1F
100
AcDbEntity
  8
0
100
AcDbCircle
 10
853.0397043399837
 20
345.6797056982441
 30
0.0
 40
7.587720045294642
100
AcDbArc
 50
114.6513627806713
 51
125.1977767001991
  0
LINE
  5
3BC9
330
1F
100
AcDbEntity
  8
0
100
AcDbLine
 10
848.6661378976606
 20
351.8801421393628
 30
0.0
 11
848.0690913002044
 21
352.7265793728499
 31
0.0
  0
ARC
  5
3BCA
330
1F
100
AcDbEntity
  8
0
100
AcDbCircle
 10
845.7653731246956
 20
350.536712566289
 30
0.0
 40
3.178464104350866
100
AcDbArc
 50
43.5486404122096
 51
77.37218342939373
  0
ARC
  5
3BCB
330
1F
100
AcDbEntity
  8
0
100
AcDbCircle
 10
848.0996295488923
 20
351.2352580098325
 30
0.0
 40
2.908981285986276
100
AcDbArc
 50
124.3024644190918
 51
140.9194673305436
  0
CIRCLE
  5
3BCC
330
1F
100
AcDbEntity
  8
0
100
AcDbCircle
 10
853.039704339984
 20
345.6797056982457
 30
0.0
 40
4.299999999999999
  0
LINE
  5
3BCD
330
1F
100
AcDbEntity
  8
0
100
AcDbLine
 10
842.7228008019184
 20
346.1155440787211
 30
0.0
 11
842.7317654645099
 21
345.2748786927322
 31
0.0
  0
DIMENSION
  5
3BCE
330
1F
100
AcDbEntity
  8
0
100
AcDbDimension
280
     0
  2
*D21
 10
998.9951836872961
 20
452.2748587323667
 30
0.0
 11
869.061343200504
 21
454.4022461812072
 31
0.0
 70
    32
 71
     5
 42
259.8676809735843
 73
     0
 74
     0
 75
     0
  3
ISO-25
100
AcDbAlignedDimension
 13
739.1275027137118
 23
390.1089502334135
 33
0.0
 14
998.9951836872961
 24
390.1089502334135
 34
0.0
100
AcDbRotatedDimension
  0
DIMENSION
  5
3BDB
330
1F
100
AcDbEntity
  8
0
100
AcDbDimension
280
     0
  2
*D22
 10
1105.09196894836
 20
17.50968066832606
 30
0.0
 11
1102.964581499519
 21
225.4674901705392
 31
0.0
 70
    33
 71
     5
 42
415.9156190044269
 73
     0
 74
     0
 75
     0
  3
ISO-25
100
AcDbAlignedDimension
 13
728.5001799876437
 23
433.4252996727528
 33
0.0
 14
728.5001799876436
 24
17.50968066832599
 34
0.0
  0
LINE
  5
3D26
330
1F
100
AcDbEntity
  8
0
100
AcDbLine
 10
1122.721487617462
 20
311.6144318540064
 30
0.0
 11
1122.721487617462
 21
46.75303578750725
 31
0.0
  0
LINE
  5
3D27
330
1F
100
AcDbEntity
  8
0
100
AcDbLine
 10
1122.721487617462
 20
46.75303578750725
 30
0.0
 11
1116.48639891801
 21
46.75303578750725
 31
0.0
  0
LINE
  5
3D28
330
1F
100
AcDbEntity
  8
0
100
AcDbLine
 10
1122.721487617462
 20
311.6144318540064
 30
0.0
 11
1088.977483358853
 21
311.6144318540064
 31
0.0
  0
CIRCLE
  5
3D29
330
1F
100
AcDbEntity
  8
0
100
AcDbCircle
 10
1105.849485488157
 20
284.2454939396221
 30
0.0
 40
2.5
  0
CIRCLE
  5
3D2A
330
1F
100
AcDbEntity
  8
0
100
AcDbCircle
 10
1105.849485488157
 20
176.6931786241948
 30
0.0
 40
2.5
  0
LINE
  5
3D2B
330
1F
100
AcDbEntity
  8
0
100
AcDbLine
 10
1088.977483358853
 20
311.6144318540064
 30
0.0
 11
1088.977483358853
 21
46.75303578750725
 31
0.0
  0
LINE
  5
3D2C
330
1F
100
AcDbEntity
  8
0
100
AcDbLine
 10
1088.977483358853
 20
46.75303578750725
 30
0.0
 11
1095.212572058304
 21
46.75303578750725
 31
0.0
  0
LWPOLYLINE
  5
3D2D
330
1F
100
AcDbEntity
  8
0
100
AcDbPolyline
 90
        4
 70
     0
 43
0.0
 10
1116.48639891801
 20
46.75303578750725
 10
1116.48639891801
 20
43.75303578750726
 10
1095.212572058304
 20
43.75303578750726
 10
1095.212572058304
 20
46.75303578750725
  0
LINE
  5
3D3C
330
1F
100
AcDbEntity
  8
0
100
AcDbLine
 10
1080.357680754048
 20
311.6144318540064
 30
0.0
 11
1080.357680754048
 21
46.75303578750725
 31
0.0
  0
LINE
  5
3D3D
330
1F
100
AcDbEntity
  8
0
100
AcDbLine
 10
1080.357680754048
 20
46.75303578750725
 30
0.0
 11
1074.122592054596
 21
46.75303578750725
 31
0.0
  0
LINE
  5
3D3E
330
1F
100
AcDbEntity
  8
0
100
AcDbLine
 10
1080.357680754048
 20
311.6144318540064
 30
0.0
 11
1046.613676495439
 21
311.6144318540064
 31
0.0
  0
CIRCLE
  5
3D3F
330
1F
100
AcDbEntity
  8
0
100
AcDbCircle
 10
1063.485678624743
 20
284.2454939396221
 30
0.0
 40
2.5
  0
CIRCLE
  5
3D40
330
1F
100
AcDbEntity
  8
0
100
AcDbCircle
 10
1063.485678624743
 20
176.6931786241948
 30
0.0
 40
2.5
  0
LINE
  5
3D41
330
1F
100
AcDbEntity
  8
0
100
AcDbLine
 10
1046.613676495439
 20
311.6144318540064
 30
0.0
 11
1046.613676495439
 21
46.75303578750725
 31
0.0
  0
LINE
  5
3D42
330
1F
100
AcDbEntity
  8
0
100
AcDbLine
 10
1046.613676495439
 20
46.75303578750725
 30
0.0
 11
1052.848765194891
 21
46.75303578750725
 31
0.0
  0
LWPOLYLINE
  5
3D43
330
1F
100
AcDbEntity
  8
0
100
AcDbPolyline
 90
        4
 70
     0
 43
0.0
 10
1074.122592054596
 20
46.75303578750725
 10
1074.122592054596
 20
43.75303578750726
 10
1052.848765194891
 20
43.75303578750726
 10
1052.848765194891
 20
46.75303578750725
  0
LINE
  5
3D52
330
1F
100
AcDbEntity
  8
0
100
AcDbLine
 10
1039.027139737551
 20
311.6144318540064
 30
0.0
 11
1039.027139737551
 21
46.75303578750725
 31
0.0
  0
LINE
  5
3D53
330
1F
100
AcDbEntity
  8
0
100
AcDbLine
 10
1039.027139737551
 20
46.75303578750725
 30
0.0
 11
1032.7920510381
 21
46.75303578750725
 31
0.0
  0
LINE
  5
3D54
330
1F
100
AcDbEntity
  8
0
100
AcDbLine
 10
1039.027139737551
 20
311.6144318540064
 30
0.0
 11
1005.283135478943
 21
311.6144318540064
 31
0.0
  0
CIRCLE
  5
3D55
330
1F
100
AcDbEntity
  8
0
100
AcDbCircle
 10
1022.155137608247
 20
284.2454939396221
 30
0.0
 40
2.5
  0
CIRCLE
  5
3D56
330
1F
100
AcDbEntity
  8
0
100
AcDbCircle
 10
1022.155137608247
 20
176.6931786241948
 30
0.0
 40
2.5
  0
LINE
  5
3D57
330
1F
100
AcDbEntity
  8
0
100
AcDbLine
 10
1005.283135478943
 20
311.6144318540064
 30
0.0
 11
1005.283135478943
 21
46.75303578750725
 31
0.0
  0
LINE
  5
3D58
330
1F
100
AcDbEntity
  8
0
100
AcDbLine
 10
1005.283135478943
 20
46.75303578750725
 30
0.0
 11
1011.518224178394
 21
46.75303578750725
 31
0.0
  0
LWPOLYLINE
  5
3D59
330
1F
100
AcDbEntity
  8
0
100
AcDbPolyline
 90
        4
 70
     0
 43
0.0
 10
1032.7920510381
 20
46.75303578750725
 10
1032.7920510381
 20
43.75303578750726
 10
1011.518224178394
 20
43.75303578750726
 10
1011.518224178394
 20
46.75303578750725
  0
ENDSEC
  0
SECTION
  2
OBJECTS
  0
DICTIONARY
  5
C
330
0
100
AcDbDictionary
281
     1
  3
ACAD_BACKGROUND
350
266A
  3
ACAD_CIP_PREVIOUS_PRODUCT_INFO
350
216
  3
ACAD_COLOR
350
6B
  3
ACAD_DETAILVIEWSTYLE
350
21B
  3
ACAD_GROUP
350
D
  3
ACAD_LAYOUT
350
1A
  3
ACAD_MATERIAL
350
6A
  3
ACAD_MLEADERSTYLE
350
12D
  3
ACAD_MLINESTYLE
350
17
  3
ACAD_PLOTSETTINGS
350
19
  3
ACAD_PLOTSTYLENAME
350
E
  3
ACAD_SCALELIST
350
10C
  3
ACAD_SECTIONVIEWSTYLE
350
219
  3
ACAD_TABLESTYLE
350
7E
  3
ACAD_VISUALSTYLE
350
EF
  3
ACDB_RECOMPOSE_DATA
350
3D69
  3
AcDbVariableDictionary
350
5E
  0
DICTIONARY
  5
1FF
330
2
100
AcDbDictionary
280
     1
281
     1
  3
ACAD_LAYERSTATES
360
200
  0
DICTIONARY
  5
13C
330
10
100
AcDbDictionary
280
     1
281
     1
  0
DICTIONARY
  5
1CE
330
1F
100
AcDbDictionary
280
     1
281
     1
  3
ACAD_SORTENTS
360
F32
  0
DICTIONARY
  5
2A7F
330
2A23
100
AcDbDictionary
280
     1
281
     1
  3
ACAD_SORTENTS
360
2A80
  0
DICTIONARY
  5
32DC
330
32C8
100
AcDbDictionary
280
     1
281
     1
  3
ACAD_SORTENTS
360
32DD
  0
DICTIONARY
  5
266A
102
{ACAD_REACTORS
330
C
102
}
330
C
100
AcDbDictionary
281
     1
  0
XRECORD
  5
216
102
{ACAD_REACTORS
330
C
102
}
330
C
100
AcDbXrecord
280
     1
300
ACD
300
2022
300

  0
DICTIONARY
  5
6B
102
{ACAD_REACTORS
330
C
102
}
330
C
100
AcDbDictionary
281
     1
  0
DICTIONARY
  5
21B
102
{ACAD_REACTORS
330
C
102
}
330
C
100
AcDbDictionary
281
     1
  3
Metric50
350
21C
  0
DICTIONARY
  5
D
102
{ACAD_REACTORS
330
C
102
}
330
C
100
AcDbDictionary
281
     1
  0
DICTIONARY
  5
1A
102
{ACAD_REACTORS
330
C
102
}
330
C
100
AcDbDictionary
281
     1
  3
Layout1
350
D3
  3
Layout2
350
D7
  3
Model
350
22
  0
DICTIONARY
  5
6A
102
{ACAD_REACTORS
330
C
102
}
330
C
100
AcDbDictionary
281
     1
  3
ByBlock
350
ED
  3
ByLayer
350
EC
  3
Global
350
EE
  0
DICTIONARY
  5
12D
102
{ACAD_REACTORS
330
C
102
}
330
C
100
AcDbDictionary
281
     1
  3
Annotative
350
13B
  3
Standard
350
12E
  0
DICTIONARY
  5
17
102
{ACAD_REACTORS
330
C
102
}
330
C
100
AcDbDictionary
281
     1
  3
Standard
350
18
  0
DICTIONARY
  5
19
102
{ACAD_REACTORS
330
C
102
}
330
C
100
AcDbDictionary
281
     1
  0
ACDBDICTIONARYWDFLT
  5
E
102
{ACAD_REACTORS
330
C
102
}
330
C
100
AcDbDictionary
281
     1
  3
Normal
350
F
100
AcDbDictionaryWithDefault
340
F
  0
DICTIONARY
  5
10C
102
{ACAD_REACTORS
330
C
102
}
330
C
100
AcDbDictionary
281
     1
  3
A0
350
10D
  3
A1
350
1BE
  3
A2
350
1BF
  3
A3
350
1C0
  3
A4
350
1C1
  3
A5
350
1C2
  3
A6
350
1C3
  3
A7
350
1C4
  3
A8
350
1C5
  3
A9
350
1C6
  3
B0
350
1C7
  3
B1
350
1C8
  3
B2
350
1C9
  3
B3
350
1CA
  3
B4
350
1CB
  3
B5
350
1CC
  3
B6
350
1CD
  0
DICTIONARY
  5
219
102
{ACAD_REACTORS
330
C
102
}
330
C
100
AcDbDictionary
281
     1
  3
Metric50
350
21A
  0
DICTIONARY
  5
7E
102
{ACAD_REACTORS
330
C
102
}
330
C
100
AcDbDictionary
281
     1
  3
Standard
350
7F
  0
DICTIONARY
  5
EF
102
{ACAD_REACTORS
330
C
102
}
330
C
100
AcDbDictionary
281
     1
  3
2dWireframe
350
F5
  3
Basic
350
F4
  3
Brighten
350
FB
  3
ColorChange
350
FF
  3
Conceptual
350
F8
  3
Dim
350
FA
  3
EdgeColorOff
350
1E6
  3
Facepattern
350
FE
  3
Flat
350
F0
  3
FlatWithEdges
350
F1
  3
Gouraud
350
F2
  3
GouraudWithEdges
350
F3
  3
Hidden
350
F7
  3
JitterOff
350
1E4
  3
Linepattern
350
FD
  3
OverhangOff
350
1E5
  3
Realistic
350
F9
  3
Shaded
350
1F3
  3
Shaded with edges
350
1F2
  3
Shades of Gray
350
1EF
  3
Sketchy
350
1F0
  3
Thicken
350
FC
  3
Wireframe
350
F6
  3
X-Ray
350
1F1
  0
XRECORD
  5
3D69
102
{ACAD_REACTORS
330
C
102
}
330
C
100
AcDbXrecord
280
     1
 90
        1
330
7F
  0
DICTIONARY
  5
5E
102
{ACAD_REACTORS
330
C
102
}
330
C
100
AcDbDictionary
281
     1
  3
CANNOSCALE
350
146
  3
CENTEREXE
350
259
  3
CENTERLTYPEFILE
350
25A
  3
CMLEADERSTYLE
350
145
  3
CTABLESTYLE
350
84
  3
CVIEWDETAILSTYLE
350
227
  3
CVIEWSECTIONSTYLE
350
228
  3
DIMASSOC
350
5F
  3
HIDETEXT
350
63
  3
LAYEREVAL
350
1AE
  3
LAYERNOTIFY
350
1AF
  0
DICTIONARY
  5
200
102
{ACAD_REACTORS
330
1FF
102
}
330
1FF
100
AcDbDictionary
281
     1
  0
SORTENTSTABLE
  5
F32
102
{ACAD_REACTORS
330
1CE
102
}
330
1CE
100
AcDbSortentsTable
330
1F
  0
SORTENTSTABLE
  5
2A80
102
{ACAD_REACTORS
330
2A7F
102
}
330
2A7F
100
AcDbSortentsTable
330
2A23
  0
SORTENTSTABLE
  5
32DD
102
{ACAD_REACTORS
330
32DC
102
}
330
32DC
100
AcDbSortentsTable
330
32C8
  0
ACDBDETAILVIEWSTYLE
  5
21C
102
{ACAD_REACTORS
330
21B
102
}
330
21B
100
AcDbModelDocViewStyle
 70
     0
  3
Metric50
290
     0
300
Metric50
 90
        0
100
AcDbDetailViewStyle
 70
     0
 71
     0
 90
        3
 71
     1
340
11
 62
   256
 40
5.0
340
0
 62
   256
 40
5.0
300

 40
0.0
280
     1
 71
     2
340
16
 90
       25
 62
   256
 71
     3
340
11
 62
   256
 40
5.0
 90
        0
 40
15.0
 90
        1
300
%<\AcVar ViewDetailId>% (%<\AcVar ViewScale \f "%sn">%)
 71
     4
340
16
 90
       25
 62
   256
340
16
 90
       25
 62
   256
280
     0
  0
LAYOUT
  5
D3
102
{ACAD_REACTORS
330
1A
102
}
330
1A
100
AcDbPlotSettings
  1

  2
C:\Documents and Settings\basas\Application Data\Autodesk\AutoCAD 2005\R16.1\enu\plotters\Default Windows System Printer.pc3
  4

  6

 40
0.0
 41
0.0
 42
0.0
 43
0.0
 44
0.0
 45
0.0
 46
0.0
 47
0.0
 48
0.0
 49
0.0
140
0.0
141
0.0
142
1.0
143
1.0
 70
   688
 72
     0
 73
     0
 74
     5
  7

 75
    16
147
1.0
 76
     0
 77
     2
 78
   300
148
0.0
149
0.0
100
AcDbLayout
  1
Layout1
 70
     1
 71
     1
 10
0.0
 20
0.0
 11
12.0
 21
9.0
 12
0.0
 22
0.0
 32
0.0
 14
0.0
 24
0.0
 34
0.0
 15
0.0
 25
0.0
 35
0.0
146
0.0
 13
0.0
 23
0.0
 33
0.0
 16
1.0
 26
0.0
 36
0.0
 17
0.0
 27
1.0
 37
0.0
 76
     0
330
D2
  0
LAYOUT
  5
D7
102
{ACAD_REACTORS
330
1A
102
}
330
1A
100
AcDbPlotSettings
  1

  2
C:\Documents and Settings\basas\Application Data\Autodesk\AutoCAD 2005\R16.1\enu\plotters\Default Windows System Printer.pc3
  4

  6

 40
0.0
 41
0.0
 42
0.0
 43
0.0
 44
0.0
 45
0.0
 46
0.0
 47
0.0
 48
0.0
 49
0.0
140
0.0
141
0.0
142
1.0
143
1.0
 70
   688
 72
     0
 73
     0
 74
     5
  7

 75
    16
147
1.0
 76
     0
 77
     2
 78
   300
148
0.0
149
0.0
100
AcDbLayout
  1
Layout2
 70
     1
 71
     2
 10
0.0
 20
0.0
 11
12.0
 21
9.0
 12
0.0
 22
0.0
 32
0.0
 14
0.0
 24
0.0
 34
0.0
 15
0.0
 25
0.0
 35
0.0
146
0.0
 13
0.0
 23
0.0
 33
0.0
 16
1.0
 26
0.0
 36
0.0
 17
0.0
 27
1.0
 37
0.0
 76
     0
330
D6
  0
LAYOUT
  5
22
102
{ACAD_XDICTIONARY
360
205
102
}
102
{ACAD_REACTORS
330
1A
102
}
330
1A
100
AcDbPlotSettings
  1

  2
none_device
  4
ISO_A4_(210.00_x_297.00_MM)
  6

 40
7.5
 41
20.0
 42
7.5
 43
20.0
 44
210.0
 45
297.0
 46
11.54999923706054
 47
-13.65000009536743
 48
0.0
 49
0.0
140
0.0
141
0.0
142
1.0
143
8.704084754739808
 70
 11952
 72
     1
 73
     0
 74
     0
  7

 75
     0
147
0.1148885871608098
 76
     0
 77
     2
 78
   300
148
0.0
149
0.0
100
AcDbLayout
  1
Model
 70
     1
 71
     0
 10
0.0
 20
0.0
 11
12.0
 21
9.0
 12
0.0
 22
0.0
 32
0.0
 14
0.0
 24
0.0
 34
0.0
 15
0.0
 25
0.0
 35
0.0
146
0.0
 13
0.0
 23
0.0
 33
0.0
 16
1.0
 26
0.0
 36
0.0
 17
0.0
 27
1.0
 37
0.0
 76
     0
330
1F
331
EA
1001
ACAD_PSEXT
1000
None
1000
None
1000
Not applicable
1000
The layout will not be plotted unless a new plotter configuration name is selected.
1070
     0
  0
MATERIAL
  5
ED
102
{ACAD_XDICTIONARY
360
1F9
102
}
102
{ACAD_REACTORS
330
6A
102
}
330
6A
100
AcDbMaterial
  1
ByBlock
 94
       63
  0
MATERIAL
  5
EC
102
{ACAD_XDICTIONARY
360
1F7
102
}
102
{ACAD_REACTORS
330
6A
102
}
330
6A
100
AcDbMaterial
  1
ByLayer
 94
       63
  0
MATERIAL
  5
EE
102
{ACAD_XDICTIONARY
360
173
102
}
102
{ACAD_REACTORS
330
6A
102
}
330
6A
100
AcDbMaterial
  1
Global
 43
0.0007999999797903
 43
0.0
 43
0.0
 43
0.0
 43
0.0
 43
0.0007999999797903
 43
0.0
 43
0.0
 43
0.0
 43
0.0
 43
1.0
 43
0.0
 43
0.0
 43
0.0
 43
0.0
 43
1.0
 49
0.0007999999797903
 49
0.0
 49
0.0
 49
0.0
 49
0.0
 49
0.0007999999797903
 49
0.0
 49
0.0
 49
0.0
 49
0.0
 49
1.0
 49
0.0
 49
0.0
 49
0.0
 49
0.0
 49
1.0
142
0.0007999999797903
142
0.0
142
0.0
142
0.0
142
0.0
142
0.0007999999797903
142
0.0
142
0.0
142
0.0
142
0.0
142
1.0
142
0.0
142
0.0
142
0.0
142
0.0
142
1.0
144
0.0007999999797903
144
0.0
144
0.0
144
0.0
144
0.0
144
0.0007999999797903
144
0.0
144
0.0
144
0.0
144
0.0
144
1.0
144
0.0
144
0.0
144
0.0
144
0.0
144
1.0
 94
       63
1001
ACAD
1070
    -1
1070
     3
1070
     0
1000

1071
        0
1070
     0
  0
MLEADERSTYLE
  5
13B
102
{ACAD_REACTORS
330
12D
102
}
330
12D
100
AcDbMLeaderStyle
179
     2
170
     2
171
     1
172
     0
 90
        2
 40
0.0
 41
0.0
173
     1
 91
-1056964608
340
14
 92
       -2
290
     1
 42
2.0
291
     1
 43
8.0
  3
Standard
 44
4.0
300

342
11
174
     1
178
     1
175
     1
176
     0
 93
-1056964608
 45
4.0
292
     0
297
     0
 46
4.0
 94
-1056964608
 47
1.0
 49
1.0
140
1.0
293
     1
141
0.0
294
     1
177
     0
142
1.0
295
     0
296
     1
143
3.75
271
     0
272
     9
273
     9
298
     0
  0
MLEADERSTYLE
  5
12E
102
{ACAD_REACTORS
330
12D
102
}
330
12D
100
AcDbMLeaderStyle
179
     2
170
     2
171
     1
172
     0
 90
        2
 40
0.0
 41
0.0
173
     1
 91
-1056964608
340
14
 92
       -2
290
     1
 42
2.0
291
     1
 43
8.0
  3
Standard
 44
4.0
300

342
11
174
     1
178
     1
175
     1
176
     0
 93
-1056964608
 45
4.0
292
     0
297
     0
 46
4.0
 94
-1056964608
 47
1.0
 49
1.0
140
1.0
293
     1
141
0.0
294
     1
177
     0
142
1.0
295
     0
296
     0
143
3.75
271
     0
272
     9
273
     9
298
     0
  0
MLINESTYLE
  5
18
102
{ACAD_REACTORS
330
17
102
}
330
17
100
AcDbMlineStyle
  2
STANDARD
 70
     0
  3

 62
   256
 51
90.0
 52
90.0
 71
     2
 49
0.5
 62
   256
  6
BYLAYER
 49
-0.5
 62
   256
  6
BYLAYER
  0
ACDBPLACEHOLDER
  5
F
102
{ACAD_REACTORS
330
E
102
}
330
E
  0
SCALE
  5
10D
102
{ACAD_REACTORS
330
10C
102
}
330
10C
100
AcDbScale
 70
     0
300
1:1
140
1.0
141
1.0
290
     1
  0
SCALE
  5
1BE
102
{ACAD_REACTORS
330
10C
102
}
330
10C
100
AcDbScale
 70
     0
300
1:2
140
1.0
141
2.0
290
     0
  0
SCALE
  5
1BF
102
{ACAD_REACTORS
330
10C
102
}
330
10C
100
AcDbScale
 70
     0
300
1:4
140
1.0
141
4.0
290
     0
  0
SCALE
  5
1C0
102
{ACAD_REACTORS
330
10C
102
}
330
10C
100
AcDbScale
 70
     0
300
1:5
140
1.0
141
5.0
290
     0
  0
SCALE
  5
1C1
102
{ACAD_REACTORS
330
10C
102
}
330
10C
100
AcDbScale
 70
     0
300
1:8
140
1.0
141
8.0
290
     0
  0
SCALE
  5
1C2
102
{ACAD_REACTORS
330
10C
102
}
330
10C
100
AcDbScale
 70
     0
300
1:10
140
1.0
141
10.0
290
     0
  0
SCALE
  5
1C3
102
{ACAD_REACTORS
330
10C
102
}
330
10C
100
AcDbScale
 70
     0
300
1:16
140
1.0
141
16.0
290
     0
  0
SCALE
  5
1C4
102
{ACAD_REACTORS
330
10C
102
}
330
10C
100
AcDbScale
 70
     0
300
1:20
140
1.0
141
20.0
290
     0
  0
SCALE
  5
1C5
102
{ACAD_REACTORS
330
10C
102
}
330
10C
100
AcDbScale
 70
     0
300
1:30
140
1.0
141
30.0
290
     0
  0
SCALE
  5
1C6
102
{ACAD_REACTORS
330
10C
102
}
330
10C
100
AcDbScale
 70
     0
300
1:40
140
1.0
141
40.0
290
     0
  0
SCALE
  5
1C7
102
{ACAD_REACTORS
330
10C
102
}
330
10C
100
AcDbScale
 70
     0
300
1:50
140
1.0
141
50.0
290
     0
  0
SCALE
  5
1C8
102
{ACAD_REACTORS
330
10C
102
}
330
10C
100
AcDbScale
 70
     0
300
1:100
140
1.0
141
100.0
290
     0
  0
SCALE
  5
1C9
102
{ACAD_REACTORS
330
10C
102
}
330
10C
100
AcDbScale
 70
     0
300
2:1
140
2.0
141
1.0
290
     0
  0
SCALE
  5
1CA
102
{ACAD_REACTORS
330
10C
102
}
330
10C
100
AcDbScale
 70
     0
300
4:1
140
4.0
141
1.0
290
     0
  0
SCALE
  5
1CB
102
{ACAD_REACTORS
330
10C
102
}
330
10C
100
AcDbScale
 70
     0
300
8:1
140
8.0
141
1.0
290
     0
  0
SCALE
  5
1CC
102
{ACAD_REACTORS
330
10C
102
}
330
10C
100
AcDbScale
 70
     0
300
10:1
140
10.0
141
1.0
290
     0
  0
SCALE
  5
1CD
102
{ACAD_REACTORS
330
10C
102
}
330
10C
100
AcDbScale
 70
     0
300
100:1
140
100.0
141
1.0
290
     0
  0
ACDBSECTIONVIEWSTYLE
  5
21A
102
{ACAD_REACTORS
330
219
102
}
330
219
100
AcDbModelDocViewStyle
 70
     0
  3
Metric50
290
     0
300
Metric50
 90
        0
100
AcDbSectionViewStyle
 70
     0
 71
     0
 90
      102
 71
     1
340
11
 62
   256
 40
5.0
340
0
340
0
 62
   256
 40
5.0
300
I, O, Q, S, X, Z
 40
10.0
 90
        0
 40
2.5
 90
        0
 71
     2
340
16
 90
       25
 62
   256
340
16
 90
       50
 62
   256
 40
5.0
 40
2.5
 40
5.0
 71
     3
340
11
 62
   256
 40
5.0
 90
        0
 40
15.0
 90
        1
300
%<\AcVar ViewSectionStartId>%-%<\AcVar ViewSectionEndId>% (%<\AcVar ViewScale \f "%sn">%)
 71
     4
 62
   256
 62
   257
300
ANSI31
 40
1.0
 90
        0
290
     0
290
     0
 90
        6
 40
0.0
 40
1.570796326794896
 40
0.2617993877991494
 40
1.308996938995747
 40
-0.2617993877991494
 40
1.832595714594046
  0
TABLESTYLE
  5
7F
102
{ACAD_XDICTIONARY
360
162
102
}
102
{ACAD_REACTORS
330
7E
102
}
330
7E
100
AcDbTableStyle
280
     0
  3
Standard
 70
     0
 71
     0
 40
1.5
 41
1.5
280
     0
281
     0
  7
Standard
140
4.5
170
     2
 62
     0
 63
     7
283
     0
 90
      512
 91
        0
  1

274
    -2
284
     1
 64
     0
275
    -2
285
     1
 65
     0
276
    -2
286
     1
 66
     0
277
    -2
287
     1
 67
     0
278
    -2
288
     1
 68
     0
279
    -2
289
     1
 69
     0
  7
Standard
140
6.0
170
     5
 62
     0
 63
     7
283
     0
 90
      512
 91
        0
  1

274
    -2
284
     1
 64
     0
275
    -2
285
     1
 65
     0
276
    -2
286
     1
 66
     0
277
    -2
287
     1
 67
     0
278
    -2
288
     1
 68
     0
279
    -2
289
     1
 69
     0
  7
Standard
140
4.5
170
     5
 62
     0
 63
     7
283
     0
 90
      512
 91
        0
  1

274
    -2
284
     1
 64
     0
275
    -2
285
     1
 65
     0
276
    -2
286
     1
 66
     0
277
    -2
287
     1
 67
     0
278
    -2
288
     1
 68
     0
279
    -2
289
     1
 69
     0
  0
VISUALSTYLE
  5
F5
102
{ACAD_REACTORS
330
EF
102
}
330
EF
100
AcDbVisualStyle
  2
2dWireframe
 70
     4
177
     3
291
     0
 70
    58
 90
        0
176
     1
 90
        2
176
     1
 90
        1
176
     1
 90
        0
176
     1
 40
0.6
176
     1
 40
30.0
176
     1
 62
     7
420
 16777215
176
     1
 90
        1
176
     1
 90
        4
176
     1
 62
     7
176
     1
 62
   257
176
     1
 90
        1
176
     1
 90
        1
176
     1
 40
1.0
176
     1
 90
        0
176
     1
 62
   257
176
     1
 40
1.0
176
     1
 90
        1
176
     1
 90
        6
176
     1
 90
        2
176
     1
 62
     7
176
     1
 90
        5
176
     1
 90
        0
176
     1
 90
        0
176
     1
290
     0
176
     1
 90
        1
176
     1
 40
0.0
176
     1
 90
        0
176
     1
290
     1
176
     1
290
     1
176
     1
290
     0
176
     1
290
     0
176
     1
290
     0
176
     1
290
     0
176
     1
290
     0
176
     1
290
     0
176
     1
290
     0
176
     1
 90
       50
176
     1
 40
0.0
176
     1
 40
1.0
176
     1
 90
        0
176
     1
 62
    18
420
        0
176
     1
 90
       50
176
     1
 90
        3
176
     1
 62
     5
420
      255
176
     1
290
     0
176
     1
 90
       50
176
     1
 90
       50
176
     1
 90
       50
176
     1
290
     0
176
     1
 90
       50
176
     1
 62
   256
176
     0
 40
1.0
176
     0
 90
        2
176
     1
  1
strokes_ogs.tif
176
     1
290
     0
176
     1
 40
1.0
176
     1
 40
1.0
176
     1
  0
VISUALSTYLE
  5
F4
102
{ACAD_REACTORS
330
EF
102
}
330
EF
100
AcDbVisualStyle
  2
Basic
 70
     7
177
     3
291
     1
 70
    58
 90
        1
176
     1
 90
        0
176
     1
 90
        1
176
     1
 90
        0
176
     1
 40
0.6
176
     1
 40
30.0
176
     1
 62
     7
420
 16777215
176
     1
 90
        0
176
     1
 90
        4
176
     1
 62
     7
176
     1
 62
   257
176
     1
 90
        1
176
     1
 90
        1
176
     1
 40
1.0
176
     1
 90
        8
176
     1
 62
     7
176
     1
 40
1.0
176
     1
 90
        1
176
     1
 90
        6
176
     1
 90
        2
176
     1
 62
     7
176
     1
 90
        5
176
     1
 90
        0
176
     1
 90
        0
176
     1
290
     0
176
     1
 90
        1
176
     1
 40
0.0
176
     1
 90
        0
176
     1
290
     0
176
     1
290
     1
176
     1
290
     1
176
     1
290
     0
176
     1
290
     0
176
     1
290
     0
176
     1
290
     0
176
     1
290
     0
176
     1
290
     0
176
     1
 90
       50
176
     1
 40
0.0
176
     1
 40
1.0
176
     1
 90
        0
176
     1
 62
    18
420
        0
176
     1
 90
       50
176
     1
 90
        3
176
     1
 62
     5
420
      255
176
     1
290
     0
176
     1
 90
       50
176
     1
 90
       50
176
     1
 90
       50
176
     1
290
     0
176
     1
 90
       50
176
     1
 62
   256
176
     0
 40
1.0
176
     0
 90
        2
176
     1
  1
strokes_ogs.tif
176
     1
290
     0
176
     1
 40
1.0
176
     1
 40
1.0
176
     1
  0
VISUALSTYLE
  5
FB
102
{ACAD_REACTORS
330
EF
102
}
330
EF
100
AcDbVisualStyle
  2
Brighten
 70
    12
177
     3
291
     1
 70
    58
 90
        2
176
     1
 90
        2
176
     1
 90
        1
176
     1
 90
        0
176
     1
 40
0.6
176
     1
 40
30.0
176
     1
 62
     7
420
 16777215
176
     1
 90
        1
176
     1
 90
        4
176
     1
 62
     7
176
     1
 62
   257
176
     1
 90
        1
176
     1
 90
        1
176
     1
 40
1.0
176
     1
 90
        8
176
     1
 62
     7
176
     1
 40
1.0
176
     1
 90
        1
176
     1
 90
        6
176
     1
 90
        2
176
     1
 62
     7
176
     1
 90
        5
176
     1
 90
        0
176
     1
 90
        0
176
     1
290
     0
176
     1
 90
        1
176
     1
 40
50.0
176
     1
 90
        0
176
     1
290
     0
176
     1
290
     1
176
     1
290
     1
176
     1
290
     0
176
     1
290
     0
176
     1
290
     0
176
     1
290
     0
176
     1
290
     0
176
     1
290
     0
176
     1
 90
       50
176
     1
 40
0.0
176
     1
 40
1.0
176
     1
 90
        0
176
     1
 62
    18
420
        0
176
     1
 90
       50
176
     1
 90
        3
176
     1
 62
     5
420
      255
176
     1
290
     0
176
     1
 90
       50
176
     1
 90
       50
176
     1
 90
       50
176
     1
290
     0
176
     1
 90
       50
176
     1
 62
   256
176
     0
 40
1.0
176
     0
 90
        2
176
     1
  1
strokes_ogs.tif
176
     1
290
     0
176
     1
 40
1.0
176
     1
 40
1.0
176
     1
  0
VISUALSTYLE
  5
FF
102
{ACAD_REACTORS
330
EF
102
}
330
EF
100
AcDbVisualStyle
  2
ColorChange
 70
    16
177
     3
291
     1
 70
    58
 90
        2
176
     1
 90
        2
176
     1
 90
        3
176
     1
 90
        0
176
     1
 40
0.6
176
     1
 40
30.0
176
     1
 62
     8
420
  8421504
176
     1
 90
        1
176
     1
 90
        4
176
     1
 62
     7
176
     1
 62
   257
176
     1
 90
        1
176
     1
 90
        1
176
     1
 40
1.0
176
     1
 90
        8
176
     1
 62
     8
420
  8421504
176
     1
 40
1.0
176
     1
 90
        1
176
     1
 90
        6
176
     1
 90
        2
176
     1
 62
     7
176
     1
 90
        5
176
     1
 90
        0
176
     1
 90
        0
176
     1
290
     0
176
     1
 90
        1
176
     1
 40
0.0
176
     1
 90
        0
176
     1
290
     0
176
     1
290
     1
176
     1
290
     1
176
     1
290
     0
176
     1
290
     0
176
     1
290
     0
176
     1
290
     0
176
     1
290
     0
176
     1
290
     0
176
     1
 90
       50
176
     1
 40
0.0
176
     1
 40
1.0
176
     1
 90
        0
176
     1
 62
    18
420
        0
176
     1
 90
       50
176
     1
 90
        3
176
     1
 62
     5
420
      255
176
     1
290
     0
176
     1
 90
       50
176
     1
 90
       50
176
     1
 90
       50
176
     1
290
     0
176
     1
 90
       50
176
     1
 62
   256
176
     0
 40
1.0
176
     0
 90
        2
176
     1
  1
strokes_ogs.tif
176
     1
290
     0
176
     1
 40
1.0
176
     1
 40
1.0
176
     1
  0
VISUALSTYLE
  5
F8
102
{ACAD_REACTORS
330
EF
102
}
330
EF
100
AcDbVisualStyle
  2
Conceptual
 70
     9
177
     3
291
     0
 70
    58
 90
        3
176
     1
 90
        2
176
     1
 90
        1
176
     1
 90
        0
176
     1
 40
0.6
176
     1
 40
30.0
176
     1
 62
     7
420
 16777215
176
     1
 90
        2
176
     1
 90
        2
176
     1
 62
     7
176
     1
 62
   257
176
     1
 90
        1
176
     1
 90
        1
176
     1
 40
40.0
176
     1
 90
        8
176
     1
 62
     7
176
     1
 40
1.0
176
     1
 90
        1
176
     1
 90
        6
176
     1
 90
        2
176
     1
 62
     7
176
     1
 90
        3
176
     1
 90
        0
176
     1
 90
        0
176
     1
290
     0
176
     1
 90
        1
176
     1
 40
0.0
176
     1
 90
        0
176
     1
290
     0
176
     1
290
     1
176
     1
290
     1
176
     1
290
     0
176
     1
290
     0
176
     1
290
     0
176
     1
290
     0
176
     1
290
     0
176
     1
290
     0
176
     1
 90
       50
176
     1
 40
0.0
176
     1
 40
1.0
176
     1
 90
        0
176
     1
 62
    18
420
        0
176
     1
 90
       50
176
     1
 90
        3
176
     1
 62
     5
420
      255
176
     1
290
     0
176
     1
 90
       50
176
     1
 90
       50
176
     1
 90
       50
176
     1
290
     0
176
     1
 90
       50
176
     1
 62
   256
176
     0
 40
1.0
176
     0
 90
        2
176
     1
  1
strokes_ogs.tif
176
     1
290
     0
176
     1
 40
1.0
176
     1
 40
1.0
176
     1
  0
VISUALSTYLE
  5
FA
102
{ACAD_REACTORS
330
EF
102
}
330
EF
100
AcDbVisualStyle
  2
Dim
 70
    11
177
     3
291
     1
 70
    58
 90
        2
176
     1
 90
        2
176
     1
 90
        1
176
     1
 90
        0
176
     1
 40
0.6
176
     1
 40
30.0
176
     1
 62
     7
420
 16777215
176
     1
 90
        1
176
     1
 90
        4
176
     1
 62
     7
176
     1
 62
   257
176
     1
 90
        1
176
     1
 90
        1
176
     1
 40
1.0
176
     1
 90
        8
176
     1
 62
     7
176
     1
 40
1.0
176
     1
 90
        1
176
     1
 90
        6
176
     1
 90
        2
176
     1
 62
     7
176
     1
 90
        5
176
     1
 90
        0
176
     1
 90
        0
176
     1
290
     0
176
     1
 90
        1
176
     1
 40
-50.0
176
     1
 90
        0
176
     1
290
     0
176
     1
290
     1
176
     1
290
     1
176
     1
290
     0
176
     1
290
     0
176
     1
290
     0
176
     1
290
     0
176
     1
290
     0
176
     1
290
     0
176
     1
 90
       50
176
     1
 40
0.0
176
     1
 40
1.0
176
     1
 90
        0
176
     1
 62
    18
420
        0
176
     1
 90
       50
176
     1
 90
        3
176
     1
 62
     5
420
      255
176
     1
290
     0
176
     1
 90
       50
176
     1
 90
       50
176
     1
 90
       50
176
     1
290
     0
176
     1
 90
       50
176
     1
 62
   256
176
     0
 40
1.0
176
     0
 90
        2
176
     1
  1
strokes_ogs.tif
176
     1
290
     0
176
     1
 40
1.0
176
     1
 40
1.0
176
     1
  0
VISUALSTYLE
  5
1E6
102
{ACAD_REACTORS
330
EF
102
}
330
EF
100
AcDbVisualStyle
  2
EdgeColorOff
 70
    22
177
     3
291
     1
 70
    58
 90
        2
176
     0
 90
        2
176
     0
 90
        0
176
     0
 90
        0
176
     0
 40
0.6
176
     0
 40
30.0
176
     0
 62
     7
420
 16777215
176
     0
 90
        1
176
     0
 90
        4
176
     0
 62
     7
176
     0
 62
   257
176
     0
 90
        1
176
     0
 90
        1
176
     0
 40
1.0
176
     0
 90
        8
176
     2
 62
     7
176
     0
 40
1.0
176
     0
 90
        1
176
     0
 90
        6
176
     0
 90
        2
176
     0
 62
     7
176
     0
 90
        5
176
     0
 90
        0
176
     0
 90
        0
176
     0
290
     0
176
     0
 90
        1
176
     0
 40
0.0
176
     0
 90
        0
176
     0
290
     0
176
     1
290
     1
176
     1
290
     1
176
     1
290
     0
176
     1
290
     0
176
     1
290
     0
176
     1
290
     0
176
     1
290
     0
176
     1
290
     0
176
     1
 90
       50
176
     1
 40
0.0
176
     1
 40
1.0
176
     1
 90
        0
176
     1
 62
    18
420
        0
176
     1
 90
       50
176
     1
 90
        3
176
     1
 62
     5
420
      255
176
     1
290
     0
176
     1
 90
       50
176
     1
 90
       50
176
     1
 90
       50
176
     1
290
     0
176
     1
 90
       50
176
     1
 62
   256
176
     0
 40
1.0
176
     0
 90
        2
176
     1
  1
strokes_ogs.tif
176
     1
290
     0
176
     1
 40
1.0
176
     1
 40
1.0
176
     1
  0
VISUALSTYLE
  5
FE
102
{ACAD_REACTORS
330
EF
102
}
330
EF
100
AcDbVisualStyle
  2
Facepattern
 70
    15
177
     3
291
     1
 70
    58
 90
        2
176
     1
 90
        2
176
     1
 90
        1
176
     1
 90
        0
176
     1
 40
0.6
176
     1
 40
30.0
176
     1
 62
     7
420
 16777215
176
     1
 90
        1
176
     1
 90
        4
176
     1
 62
     7
176
     1
 62
   257
176
     1
 90
        1
176
     1
 90
        1
176
     1
 40
1.0
176
     1
 90
        8
176
     1
 62
     7
176
     1
 40
1.0
176
     1
 90
        1
176
     1
 90
        6
176
     1
 90
        2
176
     1
 62
     7
176
     1
 90
        5
176
     1
 90
        0
176
     1
 90
        0
176
     1
290
     0
176
     1
 90
        1
176
     1
 40
0.0
176
     1
 90
        0
176
     1
290
     0
176
     1
290
     1
176
     1
290
     1
176
     1
290
     0
176
     1
290
     0
176
     1
290
     0
176
     1
290
     0
176
     1
290
     0
176
     1
290
     0
176
     1
 90
       50
176
     1
 40
0.0
176
     1
 40
1.0
176
     1
 90
        0
176
     1
 62
    18
420
        0
176
     1
 90
       50
176
     1
 90
        3
176
     1
 62
     5
420
      255
176
     1
290
     0
176
     1
 90
       50
176
     1
 90
       50
176
     1
 90
       50
176
     1
290
     0
176
     1
 90
       50
176
     1
 62
   256
176
     0
 40
1.0
176
     0
 90
        2
176
     1
  1
strokes_ogs.tif
176
     1
290
     0
176
     1
 40
1.0
176
     1
 40
1.0
176
     1
  0
VISUALSTYLE
  5
F0
102
{ACAD_REACTORS
330
EF
102
}
330
EF
100
AcDbVisualStyle
  2
Flat
 70
     0
177
     3
291
     1
 70
    58
 90
        2
176
     1
 90
        1
176
     1
 90
        1
176
     1
 90
        2
176
     1
 40
0.6
176
     1
 40
30.0
176
     1
 62
     7
420
 16777215
176
     1
 90
        0
176
     1
 90
        0
176
     1
 62
     7
176
     1
 62
   257
176
     1
 90
        1
176
     1
 90
        1
176
     1
 40
1.0
176
     1
 90
        8
176
     1
 62
     7
176
     1
 40
1.0
176
     1
 90
        1
176
     1
 90
        6
176
     1
 90
        2
176
     1
 62
     7
176
     1
 90
        5
176
     1
 90
        0
176
     1
 90
        0
176
     1
290
     0
176
     1
 90
       13
176
     1
 40
0.0
176
     1
 90
        0
176
     1
290
     0
176
     1
290
     1
176
     1
290
     1
176
     1
290
     0
176
     1
290
     0
176
     1
290
     0
176
     1
290
     0
176
     1
290
     0
176
     1
290
     0
176
     1
 90
       50
176
     1
 40
0.0
176
     1
 40
1.0
176
     1
 90
        0
176
     1
 62
    18
420
        0
176
     1
 90
       50
176
     1
 90
        3
176
     1
 62
     5
420
      255
176
     1
290
     0
176
     1
 90
       50
176
     1
 90
       50
176
     1
 90
       50
176
     1
290
     0
176
     1
 90
       50
176
     1
 62
   256
176
     0
 40
1.0
176
     0
 90
        2
176
     1
  1
strokes_ogs.tif
176
     1
290
     0
176
     1
 40
1.0
176
     1
 40
1.0
176
     1
  0
VISUALSTYLE
  5
F1
102
{ACAD_REACTORS
330
EF
102
}
330
EF
100
AcDbVisualStyle
  2
FlatWithEdges
 70
     1
177
     3
291
     1
 70
    58
 90
        2
176
     1
 90
        1
176
     1
 90
        1
176
     1
 90
        2
176
     1
 40
0.6
176
     1
 40
30.0
176
     1
 62
     7
420
 16777215
176
     1
 90
        1
176
     1
 90
        0
176
     1
 62
     7
176
     1
 62
   257
176
     1
 90
        1
176
     1
 90
        1
176
     1
 40
1.0
176
     1
 90
        0
176
     1
 62
   257
176
     1
 40
1.0
176
     1
 90
        1
176
     1
 90
        6
176
     1
 90
        2
176
     1
 62
     7
176
     1
 90
        5
176
     1
 90
        0
176
     1
 90
        0
176
     1
290
     0
176
     1
 90
       13
176
     1
 40
0.0
176
     1
 90
        0
176
     1
290
     0
176
     1
290
     1
176
     1
290
     1
176
     1
290
     0
176
     1
290
     0
176
     1
290
     0
176
     1
290
     0
176
     1
290
     0
176
     1
290
     0
176
     1
 90
       50
176
     1
 40
0.0
176
     1
 40
1.0
176
     1
 90
        0
176
     1
 62
    18
420
        0
176
     1
 90
       50
176
     1
 90
        3
176
     1
 62
     5
420
      255
176
     1
290
     0
176
     1
 90
       50
176
     1
 90
       50
176
     1
 90
       50
176
     1
290
     0
176
     1
 90
       50
176
     1
 62
   256
176
     0
 40
1.0
176
     0
 90
        2
176
     1
  1
strokes_ogs.tif
176
     1
290
     0
176
     1
 40
1.0
176
     1
 40
1.0
176
     1
  0
VISUALSTYLE
  5
F2
102
{ACAD_REACTORS
330
EF
102
}
330
EF
100
AcDbVisualStyle
  2
Gouraud
 70
     2
177
     3
291
     1
 70
    58
 90
        2
176
     1
 90
        2
176
     1
 90
        1
176
     1
 90
        2
176
     1
 40
0.6
176
     1
 40
30.0
176
     1
 62
     7
420
 16777215
176
     1
 90
        0
176
     1
 90
        0
176
     1
 62
     7
176
     1
 62
   257
176
     1
 90
        1
176
     1
 90
        1
176
     1
 40
1.0
176
     1
 90
        0
176
     1
 62
     7
176
     1
 40
1.0
176
     1
 90
        1
176
     1
 90
        6
176
     1
 90
        2
176
     1
 62
     7
176
     1
 90
        5
176
     1
 90
        0
176
     1
 90
        0
176
     1
290
     0
176
     1
 90
       13
176
     1
 40
0.0
176
     1
 90
        0
176
     1
290
     0
176
     1
290
     1
176
     1
290
     1
176
     1
290
     0
176
     1
290
     0
176
     1
290
     0
176
     1
290
     0
176
     1
290
     0
176
     1
290
     0
176
     1
 90
       50
176
     1
 40
0.0
176
     1
 40
1.0
176
     1
 90
        0
176
     1
 62
    18
420
        0
176
     1
 90
       50
176
     1
 90
        3
176
     1
 62
     5
420
      255
176
     1
290
     0
176
     1
 90
       50
176
     1
 90
       50
176
     1
 90
       50
176
     1
290
     0
176
     1
 90
       50
176
     1
 62
   256
176
     0
 40
1.0
176
     0
 90
        2
176
     1
  1
strokes_ogs.tif
176
     1
290
     0
176
     1
 40
1.0
176
     1
 40
1.0
176
     1
  0
VISUALSTYLE
  5
F3
102
{ACAD_REACTORS
330
EF
102
}
330
EF
100
AcDbVisualStyle
  2
GouraudWithEdges
 70
     3
177
     3
291
     1
 70
    58
 90
        2
176
     1
 90
        2
176
     1
 90
        1
176
     1
 90
        2
176
     1
 40
0.6
176
     1
 40
30.0
176
     1
 62
     7
420
 16777215
176
     1
 90
        1
176
     1
 90
        0
176
     1
 62
     7
176
     1
 62
   257
176
     1
 90
        1
176
     1
 90
        1
176
     1
 40
1.0
176
     1
 90
        0
176
     1
 62
   257
176
     1
 40
1.0
176
     1
 90
        1
176
     1
 90
        6
176
     1
 90
        2
176
     1
 62
     7
176
     1
 90
        5
176
     1
 90
        0
176
     1
 90
        0
176
     1
290
     0
176
     1
 90
       13
176
     1
 40
0.0
176
     1
 90
        0
176
     1
290
     0
176
     1
290
     1
176
     1
290
     1
176
     1
290
     0
176
     1
290
     0
176
     1
290
     0
176
     1
290
     0
176
     1
290
     0
176
     1
290
     0
176
     1
 90
       50
176
     1
 40
0.0
176
     1
 40
1.0
176
     1
 90
        0
176
     1
 62
    18
420
        0
176
     1
 90
       50
176
     1
 90
        3
176
     1
 62
     5
420
      255
176
     1
290
     0
176
     1
 90
       50
176
     1
 90
       50
176
     1
 90
       50
176
     1
290
     0
176
     1
 90
       50
176
     1
 62
   256
176
     0
 40
1.0
176
     0
 90
        2
176
     1
  1
strokes_ogs.tif
176
     1
290
     0
176
     1
 40
1.0
176
     1
 40
1.0
176
     1
  0
VISUALSTYLE
  5
F7
102
{ACAD_REACTORS
330
EF
102
}
330
EF
100
AcDbVisualStyle
  2
Hidden
 70
     6
177
     3
291
     0
 70
    58
 90
        1
176
     1
 90
        2
176
     1
 90
        2
176
     1
 90
        0
176
     1
 40
0.6
176
     1
 40
30.0
176
     1
 62
     7
420
 16777215
176
     1
 90
        2
176
     1
 90
        2
176
     1
 62
     7
176
     1
 62
   257
176
     1
 90
        2
176
     1
 90
        1
176
     1
 40
40.0
176
     1
 90
        0
176
     1
 62
   257
176
     1
 40
1.0
176
     1
 90
        1
176
     1
 90
        6
176
     1
 90
        2
176
     1
 62
     7
176
     1
 90
        3
176
     1
 90
        0
176
     1
 90
        0
176
     1
290
     0
176
     1
 90
        1
176
     1
 40
0.0
176
     1
 90
        0
176
     1
290
     0
176
     1
290
     1
176
     1
290
     1
176
     1
290
     0
176
     1
290
     0
176
     1
290
     0
176
     1
290
     0
176
     1
290
     0
176
     1
290
     0
176
     1
 90
       50
176
     1
 40
0.0
176
     1
 40
1.0
176
     1
 90
        0
176
     1
 62
    18
420
        0
176
     1
 90
       50
176
     1
 90
        3
176
     1
 62
     5
420
      255
176
     1
290
     0
176
     1
 90
       50
176
     1
 90
       50
176
     1
 90
       50
176
     1
290
     0
176
     1
 90
       50
176
     1
 62
   256
176
     0
 40
1.0
176
     0
 90
        2
176
     1
  1
strokes_ogs.tif
176
     1
290
     0
176
     1
 40
1.0
176
     1
 40
1.0
176
     1
  0
VISUALSTYLE
  5
1E4
102
{ACAD_REACTORS
330
EF
102
}
330
EF
100
AcDbVisualStyle
  2
JitterOff
 70
    20
177
     3
291
     1
 70
    58
 90
        2
176
     0
 90
        2
176
     0
 90
        0
176
     0
 90
        0
176
     0
 40
0.6
176
     0
 40
30.0
176
     0
 62
     7
420
 16777215
176
     0
 90
        1
176
     0
 90
        4
176
     0
 62
     7
176
     0
 62
   257
176
     0
 90
        1
176
     0
 90
        1
176
     0
 40
1.0
176
     0
 90
       10
176
     2
 62
     7
176
     0
 40
1.0
176
     0
 90
        1
176
     0
 90
        6
176
     0
 90
        2
176
     0
 62
     7
176
     0
 90
        5
176
     0
 90
        0
176
     0
 90
        0
176
     0
290
     0
176
     0
 90
        1
176
     0
 40
0.0
176
     0
 90
        0
176
     0
290
     0
176
     1
290
     1
176
     1
290
     1
176
     1
290
     0
176
     1
290
     0
176
     1
290
     0
176
     1
290
     0
176
     1
290
     0
176
     1
290
     0
176
     1
 90
       50
176
     1
 40
0.0
176
     1
 40
1.0
176
     1
 90
        0
176
     1
 62
    18
420
        0
176
     1
 90
       50
176
     1
 90
        3
176
     1
 62
     5
420
      255
176
     1
290
     0
176
     1
 90
       50
176
     1
 90
       50
176
     1
 90
       50
176
     1
290
     0
176
     1
 90
       50
176
     1
 62
   256
176
     0
 40
1.0
176
     0
 90
        2
176
     1
  1
strokes_ogs.tif
176
     1
290
     0
176
     1
 40
1.0
176
     1
 40
1.0
176
     1
  0
VISUALSTYLE
  5
FD
102
{ACAD_REACTORS
330
EF
102
}
330
EF
100
AcDbVisualStyle
  2
Linepattern
 70
    14
177
     3
291
     1
 70
    58
 90
        2
176
     1
 90
        2
176
     1
 90
        1
176
     1
 90
        0
176
     1
 40
0.6
176
     1
 40
30.0
176
     1
 62
     7
420
 16777215
176
     1
 90
        1
176
     1
 90
        4
176
     1
 62
     7
176
     1
 62
   257
176
     1
 90
        7
176
     1
 90
        7
176
     1
 40
1.0
176
     1
 90
        8
176
     1
 62
     7
176
     1
 40
1.0
176
     1
 90
        1
176
     1
 90
        6
176
     1
 90
        2
176
     1
 62
     7
176
     1
 90
        5
176
     1
 90
        0
176
     1
 90
        0
176
     1
290
     0
176
     1
 90
        1
176
     1
 40
0.0
176
     1
 90
        0
176
     1
290
     0
176
     1
290
     1
176
     1
290
     1
176
     1
290
     0
176
     1
290
     0
176
     1
290
     0
176
     1
290
     0
176
     1
290
     0
176
     1
290
     0
176
     1
 90
       50
176
     1
 40
0.0
176
     1
 40
1.0
176
     1
 90
        0
176
     1
 62
    18
420
        0
176
     1
 90
       50
176
     1
 90
        3
176
     1
 62
     5
420
      255
176
     1
290
     0
176
     1
 90
       50
176
     1
 90
       50
176
     1
 90
       50
176
     1
290
     0
176
     1
 90
       50
176
     1
 62
   256
176
     0
 40
1.0
176
     0
 90
        2
176
     1
  1
strokes_ogs.tif
176
     1
290
     0
176
     1
 40
1.0
176
     1
 40
1.0
176
     1
  0
VISUALSTYLE
  5
1E5
102
{ACAD_REACTORS
330
EF
102
}
330
EF
100
AcDbVisualStyle
  2
OverhangOff
 70
    21
177
     3
291
     1
 70
    58
 90
        2
176
     0
 90
        2
176
     0
 90
        0
176
     0
 90
        0
176
     0
 40
0.6
176
     0
 40
30.0
176
     0
 62
     7
420
 16777215
176
     0
 90
        1
176
     0
 90
        4
176
     0
 62
     7
176
     0
 62
   257
176
     0
 90
        1
176
     0
 90
        1
176
     0
 40
1.0
176
     0
 90
        9
176
     2
 62
     7
176
     0
 40
1.0
176
     0
 90
        1
176
     0
 90
        6
176
     0
 90
        2
176
     0
 62
     7
176
     0
 90
        5
176
     0
 90
        0
176
     0
 90
        0
176
     0
290
     0
176
     0
 90
        1
176
     0
 40
0.0
176
     0
 90
        0
176
     0
290
     0
176
     1
290
     1
176
     1
290
     1
176
     1
290
     0
176
     1
290
     0
176
     1
290
     0
176
     1
290
     0
176
     1
290
     0
176
     1
290
     0
176
     1
 90
       50
176
     1
 40
0.0
176
     1
 40
1.0
176
     1
 90
        0
176
     1
 62
    18
420
        0
176
     1
 90
       50
176
     1
 90
        3
176
     1
 62
     5
420
      255
176
     1
290
     0
176
     1
 90
       50
176
     1
 90
       50
176
     1
 90
       50
176
     1
290
     0
176
     1
 90
       50
176
     1
 62
   256
176
     0
 40
1.0
176
     0
 90
        2
176
     1
  1
strokes_ogs.tif
176
     1
290
     0
176
     1
 40
1.0
176
     1
 40
1.0
176
     1
  0
VISUALSTYLE
  5
F9
102
{ACAD_REACTORS
330
EF
102
}
330
EF
100
AcDbVisualStyle
  2
Realistic
 70
     8
177
     3
291
     0
 70
    58
 90
        2
176
     1
 90
        3
176
     1
 90
        0
176
     1
 90
        2
176
     1
 40
0.6
176
     1
 40
30.0
176
     1
 62
     7
420
 16777215
176
     1
 90
        0
176
     1
 90
        0
176
     1
 62
     7
176
     1
 62
   257
176
     1
 90
        1
176
     1
 90
        1
176
     1
 40
1.0
176
     1
 90
        8
176
     1
 62
   257
176
     1
 40
1.0
176
     1
 90
        1
176
     1
 90
        6
176
     1
 90
        2
176
     1
 62
     7
176
     1
 90
        3
176
     1
 90
        0
176
     1
 90
        0
176
     1
290
     0
176
     1
 90
       13
176
     1
 40
0.0
176
     1
 90
        0
176
     1
290
     0
176
     1
290
     1
176
     1
290
     1
176
     1
290
     0
176
     1
290
     0
176
     1
290
     0
176
     1
290
     0
176
     1
290
     0
176
     1
290
     0
176
     1
 90
       50
176
     1
 40
0.0
176
     1
 40
1.0
176
     1
 90
        0
176
     1
 62
    18
420
        0
176
     1
 90
       50
176
     1
 90
        3
176
     1
 62
     5
420
      255
176
     1
290
     0
176
     1
 90
       50
176
     1
 90
       50
176
     1
 90
       50
176
     1
290
     0
176
     1
 90
       50
176
     1
 62
   256
176
     0
 40
1.0
176
     0
 90
        2
176
     1
  1
strokes_ogs.tif
176
     1
290
     0
176
     1
 40
1.0
176
     1
 40
1.0
176
     1
  0
VISUALSTYLE
  5
1F3
102
{ACAD_REACTORS
330
EF
102
}
330
EF
100
AcDbVisualStyle
  2
Shaded
 70
    27
177
     3
291
     0
 70
    58
 90
        2
176
     1
 90
        2
176
     1
 90
        1
176
     1
 90
        2
176
     1
 40
0.6
176
     1
 40
30.0
176
     1
 62
     7
420
 16777215
176
     1
 90
        0
176
     1
 90
        4
176
     1
 62
     7
176
     1
 62
   257
176
     1
 90
        1
176
     1
 90
        1
176
     1
 40
1.0
176
     1
 90
        8
176
     1
 62
   257
176
     1
 40
1.0
176
     1
 90
        1
176
     1
 90
        6
176
     1
 90
        2
176
     1
 62
     8
420
  7895160
176
     1
 90
        3
176
     1
 90
        0
176
     1
 90
        0
176
     1
290
     0
176
     1
 90
        5
176
     1
 40
0.0
176
     1
 90
        0
176
     1
290
     0
176
     1
290
     1
176
     1
290
     1
176
     1
290
     0
176
     1
290
     0
176
     1
290
     0
176
     1
290
     0
176
     1
290
     0
176
     1
290
     0
176
     1
 90
       50
176
     1
 40
0.0
176
     1
 40
1.0
176
     1
 90
        0
176
     1
 62
    18
420
        0
176
     1
 90
       50
176
     1
 90
        3
176
     1
 62
     5
420
      255
176
     1
290
     0
176
     1
 90
       50
176
     1
 90
       50
176
     1
 90
       50
176
     1
290
     0
176
     1
 90
       50
176
     1
 62
   256
176
     0
 40
1.0
176
     0
 90
        2
176
     1
  1
strokes_ogs.tif
176
     1
290
     0
176
     1
 40
1.0
176
     1
 40
1.0
176
     1
  0
VISUALSTYLE
  5
1F2
102
{ACAD_REACTORS
330
EF
102
}
330
EF
100
AcDbVisualStyle
  2
Shaded with edges
 70
    26
177
     3
291
     0
 70
    58
 90
        2
176
     1
 90
        2
176
     1
 90
        1
176
     1
 90
        2
176
     1
 40
0.6
176
     1
 40
30.0
176
     1
 62
     7
420
 16777215
176
     1
 90
        1
176
     1
 90
        2
176
     1
 62
     7
176
     1
 62
   257
176
     1
 90
        2
176
     1
 90
        1
176
     1
 40
1.0
176
     1
 90
        8
176
     1
 62
   257
176
     1
 40
1.0
176
     1
 90
        1
176
     1
 90
        6
176
     1
 90
        2
176
     1
 62
     7
176
     1
 90
        3
176
     1
 90
        0
176
     1
 90
        0
176
     1
290
     0
176
     1
 90
        5
176
     1
 40
0.0
176
     1
 90
        0
176
     1
290
     0
176
     1
290
     1
176
     1
290
     1
176
     1
290
     0
176
     1
290
     0
176
     1
290
     0
176
     1
290
     0
176
     1
290
     0
176
     1
290
     0
176
     1
 90
       50
176
     1
 40
0.0
176
     1
 40
1.0
176
     1
 90
        0
176
     1
 62
    18
420
        0
176
     1
 90
       50
176
     1
 90
        3
176
     1
 62
     5
420
      255
176
     1
290
     0
176
     1
 90
       50
176
     1
 90
       50
176
     1
 90
       50
176
     1
290
     0
176
     1
 90
       50
176
     1
 62
   256
176
     0
 40
1.0
176
     0
 90
        2
176
     1
  1
strokes_ogs.tif
176
     1
290
     0
176
     1
 40
1.0
176
     1
 40
1.0
176
     1
  0
VISUALSTYLE
  5
1EF
102
{ACAD_REACTORS
330
EF
102
}
330
EF
100
AcDbVisualStyle
  2
Shades of Gray
 70
    23
177
     3
291
     0
 70
    58
 90
        2
176
     1
 90
        2
176
     1
 90
        3
176
     1
 90
        0
176
     1
 40
0.6
176
     1
 40
30.0
176
     1
 62
     7
420
 16777215
176
     1
 90
        2
176
     1
 90
        2
176
     1
 62
     7
176
     1
 62
     7
176
     1
 90
        1
176
     1
 90
        1
176
     1
 40
40.0
176
     1
 90
        8
176
     1
 62
     7
176
     1
 40
1.0
176
     1
 90
        1
176
     1
 90
        6
176
     1
 90
        2
176
     1
 62
     7
176
     1
 90
        3
176
     1
 90
        0
176
     1
 90
        0
176
     1
290
     0
176
     1
 90
        1
176
     1
 40
0.0
176
     1
 90
        0
176
     1
290
     0
176
     1
290
     1
176
     1
290
     1
176
     1
290
     0
176
     1
290
     0
176
     1
290
     0
176
     1
290
     0
176
     1
290
     0
176
     1
290
     0
176
     1
 90
       50
176
     1
 40
0.0
176
     1
 40
1.0
176
     1
 90
        0
176
     1
 62
    18
420
        0
176
     1
 90
       50
176
     1
 90
        3
176
     1
 62
     5
420
      255
176
     1
290
     0
176
     1
 90
       50
176
     1
 90
       50
176
     1
 90
       50
176
     1
290
     0
176
     1
 90
       50
176
     1
 62
   256
176
     0
 40
1.0
176
     0
 90
        2
176
     1
  1
strokes_ogs.tif
176
     1
290
     0
176
     1
 40
1.0
176
     1
 40
1.0
176
     1
  0
VISUALSTYLE
  5
1F0
102
{ACAD_REACTORS
330
EF
102
}
330
EF
100
AcDbVisualStyle
  2
Sketchy
 70
    24
177
     3
291
     0
 70
    58
 90
        1
176
     1
 90
        2
176
     1
 90
        2
176
     1
 90
        0
176
     1
 40
0.6
176
     1
 40
30.0
176
     1
 62
     7
420
 16777215
176
     1
 90
        2
176
     1
 90
        2
176
     1
 62
     7
176
     1
 62
     7
176
     1
 90
        1
176
     1
 90
        1
176
     1
 40
40.0
176
     1
 90
       11
176
     1
 62
     7
176
     1
 40
1.0
176
     1
 90
        1
176
     1
 90
        6
176
     1
 90
        2
176
     1
 62
     7
176
     1
 90
        6
176
     1
 90
        0
176
     1
 90
        0
176
     1
290
     0
176
     1
 90
        1
176
     1
 40
0.0
176
     1
 90
        0
176
     1
290
     0
176
     1
290
     1
176
     1
290
     1
176
     1
290
     0
176
     1
290
     0
176
     1
290
     0
176
     1
290
     0
176
     1
290
     0
176
     1
290
     0
176
     1
 90
       50
176
     1
 40
0.0
176
     1
 40
1.0
176
     1
 90
        0
176
     1
 62
    18
420
        0
176
     1
 90
       50
176
     1
 90
        3
176
     1
 62
     5
420
      255
176
     1
290
     0
176
     1
 90
       50
176
     1
 90
       50
176
     1
 90
       50
176
     1
290
     0
176
     1
 90
       50
176
     1
 62
   256
176
     0
 40
1.0
176
     0
 90
        2
176
     1
  1
strokes_ogs.tif
176
     1
290
     0
176
     1
 40
1.0
176
     1
 40
1.0
176
     1
  0
VISUALSTYLE
  5
FC
102
{ACAD_REACTORS
330
EF
102
}
330
EF
100
AcDbVisualStyle
  2
Thicken
 70
    13
177
     3
291
     1
 70
    58
 90
        2
176
     1
 90
        2
176
     1
 90
        1
176
     1
 90
        0
176
     1
 40
0.6
176
     1
 40
30.0
176
     1
 62
     7
420
 16777215
176
     1
 90
        1
176
     1
 90
        4
176
     1
 62
     7
176
     1
 62
   257
176
     1
 90
        1
176
     1
 90
        1
176
     1
 40
1.0
176
     1
 90
       12
176
     1
 62
     7
176
     1
 40
1.0
176
     1
 90
        1
176
     1
 90
        6
176
     1
 90
        2
176
     1
 62
     7
176
     1
 90
        5
176
     1
 90
        0
176
     1
 90
        0
176
     1
290
     0
176
     1
 90
        1
176
     1
 40
0.0
176
     1
 90
        0
176
     1
290
     0
176
     1
290
     1
176
     1
290
     1
176
     1
290
     0
176
     1
290
     0
176
     1
290
     0
176
     1
290
     0
176
     1
290
     0
176
     1
290
     0
176
     1
 90
       50
176
     1
 40
0.0
176
     1
 40
1.0
176
     1
 90
        0
176
     1
 62
    18
420
        0
176
     1
 90
       50
176
     1
 90
        3
176
     1
 62
     5
420
      255
176
     1
290
     0
176
     1
 90
       50
176
     1
 90
       50
176
     1
 90
       50
176
     1
290
     0
176
     1
 90
       50
176
     1
 62
   256
176
     0
 40
1.0
176
     0
 90
        2
176
     1
  1
strokes_ogs.tif
176
     1
290
     0
176
     1
 40
1.0
176
     1
 40
1.0
176
     1
  0
VISUALSTYLE
  5
F6
102
{ACAD_REACTORS
330
EF
102
}
330
EF
100
AcDbVisualStyle
  2
Wireframe
 70
     5
177
     3
291
     0
 70
    58
 90
        0
176
     1
 90
        2
176
     1
 90
        0
176
     1
 90
        0
176
     1
 40
0.6
176
     1
 40
30.0
176
     1
 62
     7
420
 16777215
176
     1
 90
        1
176
     1
 90
        4
176
     1
 62
     7
176
     1
 62
   257
176
     1
 90
        1
176
     1
 90
        1
176
     1
 40
1.0
176
     1
 90
        0
176
     1
 62
   257
176
     1
 40
1.0
176
     1
 90
        1
176
     1
 90
        6
176
     1
 90
        2
176
     1
 62
     7
176
     1
 90
        3
176
     1
 90
        0
176
     1
 90
        0
176
     1
290
     0
176
     1
 90
        1
176
     1
 40
0.0
176
     1
 90
        0
176
     1
290
     0
176
     1
290
     1
176
     1
290
     1
176
     1
290
     0
176
     1
290
     0
176
     1
290
     0
176
     1
290
     0
176
     1
290
     0
176
     1
290
     0
176
     1
 90
       50
176
     1
 40
0.0
176
     1
 40
1.0
176
     1
 90
        0
176
     1
 62
    18
420
        0
176
     1
 90
       50
176
     1
 90
        3
176
     1
 62
     5
420
      255
176
     1
290
     0
176
     1
 90
       50
176
     1
 90
       50
176
     1
 90
       50
176
     1
290
     0
176
     1
 90
       50
176
     1
 62
   256
176
     0
 40
1.0
176
     0
 90
        2
176
     1
  1
strokes_ogs.tif
176
     1
290
     0
176
     1
 40
1.0
176
     1
 40
1.0
176
     1
  0
VISUALSTYLE
  5
1F1
102
{ACAD_REACTORS
330
EF
102
}
330
EF
100
AcDbVisualStyle
  2
X-Ray
 70
    25
177
     3
291
     0
 70
    58
 90
        2
176
     1
 90
        2
176
     1
 90
        1
176
     1
 90
        1
176
     1
 40
0.5
176
     1
 40
30.0
176
     1
 62
     7
420
 16777215
176
     1
 90
        1
176
     1
 90
        0
176
     1
 62
     7
176
     1
 62
   257
176
     1
 90
        1
176
     1
 90
        1
176
     1
 40
1.0
176
     1
 90
        8
176
     1
 62
     7
176
     1
 40
1.0
176
     1
 90
        1
176
     1
 90
        6
176
     1
 90
        2
176
     1
 62
     7
176
     1
 90
        3
176
     1
 90
        0
176
     1
 90
        0
176
     1
290
     0
176
     1
 90
       13
176
     1
 40
0.0
176
     1
 90
        0
176
     1
290
     0
176
     1
290
     1
176
     1
290
     1
176
     1
290
     0
176
     1
290
     0
176
     1
290
     0
176
     1
290
     0
176
     1
290
     0
176
     1
290
     0
176
     1
 90
       50
176
     1
 40
0.0
176
     1
 40
1.0
176
     1
 90
        0
176
     1
 62
    18
420
        0
176
     1
 90
       50
176
     1
 90
        3
176
     1
 62
     5
420
      255
176
     1
290
     0
176
     1
 90
       50
176
     1
 90
       50
176
     1
 90
       50
176
     1
290
     0
176
     1
 90
       50
176
     1
 62
   256
176
     0
 40
1.0
176
     0
 90
        2
176
     1
  1
strokes_ogs.tif
176
     1
290
     0
176
     1
 40
1.0
176
     1
 40
1.0
176
     1
  0
DICTIONARYVAR
  5
146
102
{ACAD_REACTORS
330
5E
102
}
330
5E
100
DictionaryVariables
280
     0
  1
1:1
  0
DICTIONARYVAR
  5
259
102
{ACAD_REACTORS
330
5E
102
}
330
5E
100
DictionaryVariables
280
     0
  1
3.500000
  0
DICTIONARYVAR
  5
25A
102
{ACAD_REACTORS
330
5E
102
}
330
5E
100
DictionaryVariables
280
     0
  1
acadiso.lin
  0
DICTIONARYVAR
  5
145
102
{ACAD_REACTORS
330
5E
102
}
330
5E
100
DictionaryVariables
280
     0
  1
STANDARD
  0
DICTIONARYVAR
  5
84
102
{ACAD_REACTORS
330
5E
102
}
330
5E
100
DictionaryVariables
280
     0
  1
STANDARD
  0
DICTIONARYVAR
  5
227
102
{ACAD_REACTORS
330
5E
102
}
330
5E
100
DictionaryVariables
280
     0
  1
Metric50
  0
DICTIONARYVAR
  5
228
102
{ACAD_REACTORS
330
5E
102
}
330
5E
100
DictionaryVariables
280
     0
  1
Metric50
  0
DICTIONARYVAR
  5
5F
102
{ACAD_REACTORS
330
5E
102
}
330
5E
100
DictionaryVariables
280
     0
  1
2
  0
DICTIONARYVAR
  5
63
102
{ACAD_REACTORS
330
5E
102
}
330
5E
100
DictionaryVariables
280
     0
  1
1
  0
DICTIONARYVAR
  5
1AE
102
{ACAD_REACTORS
330
5E
102
}
330
5E
100
DictionaryVariables
280
     0
  1
0
  0
DICTIONARYVAR
  5
1AF
102
{ACAD_REACTORS
330
5E
102
}
330
5E
100
DictionaryVariables
280
     0
  1
0
  0
DICTIONARY
  5
205
330
22
100
AcDbDictionary
280
     1
281
     1
  0
DICTIONARY
  5
1F9
330
ED
100
AcDbDictionary
280
     1
281
     1
  3
FBXASSET
360
1FA
  0
DICTIONARY
  5
1F7
330
EC
100
AcDbDictionary
280
     1
281
     1
  3
FBXASSET
360
1F8
  0
DICTIONARY
  5
173
330
EE
100
AcDbDictionary
280
     1
281
     1
  3
BUMPTILE
360
175
  3
DIFFUSETILE
360
174
  3
FBXASSET
360
1FB
  3
OPACITYTILE
360
176
  3
REFLECTIONTILE
360
177
  0
DICTIONARY
  5
162
330
7F
100
AcDbDictionary
280
     1
281
     1
  3
ACAD_ROUNDTRIP_2008_TABLESTYLE_CELLSTYLEMAP
360
3D68
  0
XRECORD
  5
1FA
102
{ACAD_REACTORS
330
1F9
102
}
330
1F9
100
AcDbXrecord
280
     1
 70
     1
 90
429727718
  1
D62C5603-E3A1-4AEA-B7FB-FE5D8D0755AF
310
504B03040A0000080000CC70623B3DEE336E79000000790000001B0000006175746F6465736B2D64657369676E2D7061636B6167652E786D6C3C3F786D6C2076657273696F6E3D22312E302220656E636F64696E673D227574662D3822203F3E3C666F726D6174733E3C666F726D61743E687474703A2F2F736368656D612E
310
6175746F6465736B2E636F6D2F64657369676E2D7061636B6167652F323030393C2F666F726D61743E3C2F666F726D6174733E504B0304140006080800CC70623BD486FD9CA0000000F4000000130000005B436F6E74656E745F54797065735D2E786D6C7D8EC10E82300C865F65E91D8A1E8C310C0EEA1BF002731658846E
310
D98AC1B77784ABF1D8FE5FBFBF75BBCE937A534CCEB38643598122B6FEE978D0B0485F9C41B54DDD7D022595594E1A469170414C76A4D9A4D207E29CF43ECE46F218070CC6BECC4078ACAA135ACF422C856C0E68EA1BF5669944DDD7BCDE7B1F8E415D77AECB980613C2E4AC91FC167A2B244592486606FC29C8FD7F045B9A
310
EF7053A7E60B504B0304140006080800CC70623B853B8169EB0000007C01000008000000636F72652E786D6C8D90416EC3201045AF62CDB6C206821CC7C244919D9CA01740401C94182C03558F5F9C3852BBEB6A467FFE9B197D7EFC9E1EC5975982F5AE035262288C535E5B377690E21535501C055FBC8FBF6C503839990E
310
5619041F179FE64D52DE45E362569DD7661365082642A11EB9E920A89B99642953CC8E702F67A9EE7234257977194EC9EAE275C4EABCCF5EAD5940D4AC6F0E35A568B8F43562CD7046CD199FD07E60174276A7BE677B5EADB0E0D14EEFFB6A31321A0D82627C4084204C3F096B71DD52F6819B16635EADF63F509AF53FA164
310
5DDCD1EDDD17164090FCC8732078B56691CB33A85CD7DCC40F504B0304140006080800CC70623B55019EA25F0000007C00000007000000636E782E786D6C4DCB3B0E80201045D1AD90E915ED2CF8AC45050C11660C8261F98AB1B07AC9C97D42D718D865D3E909258CFD00CCE24AC6E326A164D74DC0B4128928FF32603847
310
2BA13128B1252AC747C6BAB984FC68F0B87FE8960A5C09FE86CFB69FBA01504B0304140006080800CC70623BDBABAAF470010000D40300000C0000006662782F636F72652E786D6CC553D16E823014FD95A6AF4B694182CC941A83FA05FB810A9511A125A5257EFE2E82712ECEB8A7F100CD39F7F69E734AF9FADC366850B6
310
AF8DCE7018308C942E4C59EB2AC3DE1D498AD15A706B8CFB56869196ADCAF00863C12B6B7C374385D14E6907A836A59A41D9F7CA615434B0C8705F7CAA5606D23BA8E84F41278B93AC54100640439DE0BDB320004D43C63716C7C399D30917DCFBBA9CD9BA8469F5B156168B24CED3F7248AC8769F27244EB73B92EED8862C
310
B7F13E0C179B3C8F979C8ECD82BBBABDAA2BAC924E9558448CBD9330242CFA08E3154B5651FCC6D215639C8EE5774DBE2B5F6CF2B5768B68963BB5F5588420E442FC700B1139D4CB01F450C1E918227C2E09DF070D8140C84E1E9AAB8F1340832A9CB13130A5F1376A908D57309505ECF2A0DF179C4E9D30F5B239B87E3823
310
7A79C6F31DE1A8A5AEC08474B03C7837EAE4938639B44E5932B833D2C6B6B279CDC613877FA26EE21F4A2A4C63EC7F29A2F301D1F9F7A0E37D145F504B0304140006080800CC70623B9C113CC27E0000009D0000000B0000006662782F636E782E786D6C4DCCDF0A83201C86E15B91DFB94BFB330DD428C8FB886521330DA7
310
6397BF1A1DECE883878F57749FCDA1B7892F1BBC047A23808C7F84D9FA55424E0BE6803A256208E9EF06C84F9B91703228B1C690F78B66B34CD9A5439DF5CF0BFBF65E35BCA1B8D6A5C6F540381E886698B5741C695F9503EBA150A2F8958E3DC3EA0B504B0304140006080800CC70623B7DF2F77C2A010000120200003100
310
00006662782F41393633353835312D344632462D344230382D423046372D3739314545314133324237412F636F72652E786D6C8D51DB8EC22014FC15C2939B0D2DB4B45643319AE817EC0F6041255A68B86CFCFC856D4D76DF7CE190393373060EDB3DC707F856CE6B6B7A480A0C81328395DA5C7B18C3057510EC3873D686
310
3F34088C18550F330C39BB3A1BA7051AAC09CA84841A2BD5020AEF55806078A44B0FFD7053A328440C89E1EFC52486BBB8AA8214A99D789CF9E05200300FC927E4FB4D5B375D43103D5527440FB843077C5AA3F5861C8F645F5787F59E95B390B318B55CE45AA638FAA2957BD7248B390B7A7CC51F9C124149C82B8C378810
310
84AB2F42B7B8DD56F413775B8C5999E9FF4471926F8AA236A1AE96B8B3CC434E5839373893369E1FAF30EA395917409EB7F26AF8801C171837A4A6AC9C89E9F9C9B1A58BA30FD6A5EF5DDDCF894B9AD9B6A59C957943A9FCAE2FD5BC4DFE03504B0304140006080800CC70623BAD7543B64E01000033030000300000006662
310
782F41393633353835312D344632462D344230382D423046372D3739314545314133324237412F636E782E786D6CD593CD6EC32010845F0571AD6CE3D48AD20813A9873E410FBD12D82434182C7EAAE6EDBB2424CD25871E7B41D6EC30B3FA84F9E67BB2E40B4234DE8DB46F1925E094D7C6ED479AD3AE5951B2113C789FEE
310
6C943839C1488B4C05DF079FE72A69D8C96C13AAD6B8631503449F83828872B949AC57D26200B826A308D316B4064D6E46FCDA41C05550DC9E483A00797BFD207EFB092A45DE9514C1BBD22178396BD39D891265658C238DEA00936C654E5E433CB65A26D9F6EDB5EBC14EBF49A45CB856E66048291F6939A9A81BB5C89177
310
38143CA680F4AA299D66A042CEB3354A2684DC9D8D178FE0D9B8B41CAAD720F880EE7EF93C0C18769E099ECC04D5A102C8049A8A05632F4DDF376CF1DE0F6BB65C2F8627B65A33C6BB62177CEBBDAD973006829F89F22E814B54F4BC2BE347F8AA8F681390B50FA73F804400B5F542E796F19FF974E7F78DB802FE05E20750
310
4B0304140006080800CC70623BE75B7789680500003C100000340000006662782F41393633353835312D344632462D344230382D423046372D3739314545314133324237412F6F626A656374732E786D6CAD575B8F9B3818FD2B887D06C22499CB8AA1CA655245D5B455A356FB305264C061D8018C6C3393D95FBFC7600890
310
A4CD5EF210B0B1BFEBF98E3F7B1FF6596ABC522E1296DF9BAE3D320D9A872C4AF2F8DE2CE5CEBA358D0FBEC719939D65A691938CDE9B6ADAF4BD98B3B2D05311DD91329583D9D5FC0F438434A7A611A644887B5384CF34233629258BA878B12322891DEFF6B66BD70BFB62634E8AE781D082709A4B588AF91C528CDA28B73F
310
1C998EEF39EABBEFA97FBD6A7C7E9553F9D3D79FE442923C3C523610337627CB87ABE99D359D4CC6D6E4FACAB5E6ABF9D2726FC6A3C5F56271377BB88362213924694B38DD99FE47C48627A1E7D49F5A8BB5E1A74C0A599ED3B0F21F1E56366B89112D681E218F0915D0D6F17AD41FBA2A369DCF6335D62ABBD39779D5DDD1
310
11D4D8DE3CBB96B2E04FB8202E41051754A1AA8E8F76B4C6DFE810B580B1547F4B84911149794252234D024EF8BBE963A95AE27B3D310A9D5C215C7960FAEE415ED75694C6AFB17BCACA5D99A60A9AA65F217B0BFC53292ACB92BF283FAD0D3621576592CB5BED907C2FA8E9DF794E35E97BEA31BED21FEB401ABB94C44839
310
DCACBF0E1C5DA8DA5B2F4DFFD32AD86F543D9E565E7056502E157C00AD2671CD534549AB752FCA9CDA00677A313F04E51B22FF19E57B300579E3C97EB29F682D92935CEC18CF901B7B54FD8C51F362B56FC72FE0B3C1EAE335EDCCBF5AEC39ADB17DC238973F804BA5E6F6BFE7AF1FB32E523BE9F3BD571418E3631DCA4D48
310
5250CF639223210A9446CA30052EDF057BD35F8329C1ECD84552BF0DC8D18BE7BCE23BFE6BD960AB4A7DE79923A103BEBD80F911CBAA2C60DB19B01CF164A5583B772EE6D3FFA56666CBCDA74DC97724A48F9A58967497E489C4D979006FD7A05E227A1EBDD0F737C623387A9C844D3709995625106D157315F8B8392CD4E0
310
A0B9A720C4BE9829CEF37EA1E13111214D53925356365ADA634861B52519DD27A00AEB808EAF0628E6F435519D446F45CF2C9CF5214F0A15B2F6D06B79DA3EE3CBF7F56780D2F4E7EF73A0F5E5B02A38D07DC852C6B7C1FBB6664213E0C39E3EBA7FF4E1AD23EA2829407C85E586727488B751B2DB9502BC7B228A3FD68B6E
310
A65A22397E690AA8D158D7E404EC8CDA235CC3B7D1898680131CEC2CDF2638C65196279577750F15884AEE19F94199155B92B13297978469D4F8D358DF0AEF7631E28DC8F0D9F437D5D39A83B2231A1D52D543813A824EF8D44BCFF2FA6A31BD1E8DAD87F1CCB526B3879935BF59CDADD5C37479BB1CDD4CA7B3556B516589
310
EF352754B706114D9C885EC9131DE6EFEB43D99AFE2391C2F958179413D7CFEF6B1B6DB1E7600F00DE6E5C67454A339A4BA2E0FBA85ED26F045D454F463DBFCE484C2F90F2E5E3666003662ED8F755951A7D1BECD5B30B550B2785C8E7320B7292A4838DDA71BBC863ED7613CAF659337A3354231D4FF4A182A54904C2898C
310
98B28C4AD0CE056CCF332A80986E571EE9DBC305BB5FEB7E509220A58D25CF042D712A806AC0AD0C657FDEF80D2D9CEAA2EE4D1C76F60BFE74219A06527D6F82DF6412526107381E55E353090704D085B52408A8913C4ED159D79BDA71BB4BC506F4831350EB6F975CD22D69BF7AC49B91A2C0A9DDA3D5CA36AD20FC478E37
310
E61844E2352865EBCB61A275A65283CAAA9DD27703B4102F5AF51EF5F573B75CBB5AD38BC845F7A49F82A0966A49C2E3EA5EA0ECD326CD965F1DB402C6FA8B51A4658C5C5E2EC9E214602E55810345408596591009A82E7E7FFACA19EEA299B14A0081A705CB3296EBC14CDF658DCD336EA6D1136881AAEB87B81AB9EE53D5
310
F5EB8BC8362082DA24122F98680A4E7930C01A0079749CEA14382A0783E5EBA5A10F8C098456A03D6A4AEB6BB881E2513747552A5DB22C7EDAF83BD5528081A365F7FF06504B0304140006080000CC70623B000000000000000000000000350000006662782F41393633353835312D344632462D344230382D423046372D37
310
39314545314133324237412F76657274696365732E62696E504B0304140006080800CC70623BF270F1330600000004000000360000006662782F41393633353835312D344632462D344230382D423046372D3739314545314133324237412F747269616E676C65732E62696E636660600000504B0304140006080000CC7062
310
3B000000000000000000000000370000006662782F41393633353835312D344632462D344230382D423046372D3739314545314133324237412F617474726962757465732E62696E504B0304140006080800CC70623B08DA0BD19000000041010000360000006662782F41393633353835312D344632462D344230382D4230
310
46372D3739314545314133324237412F6469726563746F72792E786D6C858F410AC3201045AF22B36F53E9A60B35CBEEBAE80D244E44489C6234F4F835464A48035D0DF398FF9F8AF63D0E6CC63039F212F8F9020C7D47C6792B21C5FE7403D62A1188E2E60C98D7234A5830286103A55745067B9D86B8A3CF9C7F90C11DE6
310
07FB144396D7B6A82D282E9A152AD114D5EF2CB866EEE831B8EEA07A7BB5A8D7D61A2BAAEB7FD5F70921FF497D00504B0304140006080800CC70623BEDD1DC58FD000000A00100003B0000006662782F41393633353835312D344632462D344230382D423046372D3739314545314133324237412F7265736F75726365732F
310
636F72652E786D6C8D504B6E833010BD0A9A6D65B00922041947112427E8052C33A156828DFCA97AFC9A40A576D7CDCCE87D344F8F9FBFE667F689CE6B6B3A6039850C8DB2A336530731DC4903D95970676DF82583CCC8193B5861107C72362E3BA4AC096842428D1D7107A5F7182053CF7474E0D507CE32973124857FE48B
310
540F3961CEF244279DE03EB81420DB9EAC1384436FA353E879B1B182C7A8C75DA3C7F453DF353A1075D537A7BA6464B8F535A99AE14A9A2BBD90E350DD183B5CFABE3AF262350B1EF4FC9351399401471025A527C218A1E53BAB5A5AB765F5469B96525EACF23FA6B88CFF34456DC2A1DCE36E360F82A5202F42F062ED2BAD
310
579969AFDD8A6F504B010214000A0000080000CC70623B3DEE336E79000000790000001B00000000000000000000000000000000006175746F6465736B2D64657369676E2D7061636B6167652E786D6C504B01021400140006080800CC70623BD486FD9CA0000000F40000001300000000000000000000000000B20000005B
310
436F6E74656E745F54797065735D2E786D6C504B01021400140006080800CC70623B853B8169EB0000007C010000080000000000000000000000000083010000636F72652E786D6C504B01021400140006080800CC70623B55019EA25F0000007C000000070000000000000000000000000094020000636E782E786D6C504B
310
01021400140006080800CC70623BDBABAAF470010000D40300000C00000000000000000000000000180300006662782F636F72652E786D6C504B01021400140006080800CC70623B9C113CC27E0000009D0000000B00000000000000000000000000B20400006662782F636E782E786D6C504B01021400140006080800CC70
310
623B7DF2F77C2A010000120200003100000000000000000000000000590500006662782F41393633353835312D344632462D344230382D423046372D3739314545314133324237412F636F72652E786D6C504B01021400140006080800CC70623BAD7543B64E010000330300003000000000000000000000000000D2060000
310
6662782F41393633353835312D344632462D344230382D423046372D3739314545314133324237412F636E782E786D6C504B01021400140006080800CC70623BE75B7789680500003C10000034000000000000000000000000006E0800006662782F41393633353835312D344632462D344230382D423046372D3739314545
310
314133324237412F6F626A656374732E786D6C504B01021400140006080000CC70623B0000000000000000000000003500000000000000000000000000280E00006662782F41393633353835312D344632462D344230382D423046372D3739314545314133324237412F76657274696365732E62696E504B01021400140006
310
080800CC70623BF270F133060000000400000036000000000000000000000000007B0E00006662782F41393633353835312D344632462D344230382D423046372D3739314545314133324237412F747269616E676C65732E62696E504B01021400140006080000CC70623B0000000000000000000000003700000000000000
310
000000000000D50E00006662782F41393633353835312D344632462D344230382D423046372D3739314545314133324237412F617474726962757465732E62696E504B01021400140006080800CC70623B08DA0BD1900000004101000036000000000000000000000000002A0F00006662782F41393633353835312D344632
310
462D344230382D423046372D3739314545314133324237412F6469726563746F72792E786D6C504B01021400140006080800CC70623BEDD1DC58FD000000A00100003B000000000000000000000000000E1000006662782F41393633353835312D344632462D344230382D423046372D3739314545314133324237412F7265
310
736F75726365732F636F72652E786D6C504B0506000000000E000E0080040000641100000000
  0
XRECORD
  5
1F8
102
{ACAD_REACTORS
330
1F7
102
}
330
1F7
100
AcDbXrecord
280
     1
 70
     1
 90
429727718
  1
30362254-06B7-45E0-A893-8CFA70E3D6BC
310
504B03040A0000080000CC70623B3DEE336E79000000790000001B0000006175746F6465736B2D64657369676E2D7061636B6167652E786D6C3C3F786D6C2076657273696F6E3D22312E302220656E636F64696E673D227574662D3822203F3E3C666F726D6174733E3C666F726D61743E687474703A2F2F736368656D612E
310
6175746F6465736B2E636F6D2F64657369676E2D7061636B6167652F323030393C2F666F726D61743E3C2F666F726D6174733E504B0304140006080800CC70623BD486FD9CA0000000F4000000130000005B436F6E74656E745F54797065735D2E786D6C7D8EC10E82300C865F65E91D8A1E8C310C0EEA1BF002731658846E
310
D98AC1B77784ABF1D8FE5FBFBF75BBCE937A534CCEB38643598122B6FEE978D0B0485F9C41B54DDD7D022595594E1A469170414C76A4D9A4D207E29CF43ECE46F218070CC6BECC4078ACAA135ACF422C856C0E68EA1BF5669944DDD7BCDE7B1F8E415D77AECB980613C2E4AC91FC167A2B244592486606FC29C8FD7F045B9A
310
EF7053A7E60B504B0304140006080800CC70623B1EC5D7A3EB0000007C01000008000000636F72652E786D6C8D90416EC3201045AF82665B6103C6756C6122AB4D4ED00B204C5C94182C03558F5F9C3852BBEB6A467FFE9B197D71FC9E6FE8CBACC17AD7032D0820E3B41FAD9B7A48F1820F808E52ACDEC75F36404ECDA687
310
4D0629A6D5A76597B477D1B89855E747B38B2A041301E95B6E7A08FAD3CCAA50296647B8168BD2573599823EBB0CA76447F43862C7BCCF5EAC59410E4DDD9C7973C2755553CCCFA4C603E3040F1565ED3B1FDE4E432BCA0D9622DAF9795FAF464533826484B498524CD807E51D79ED187F21878E10516EF63F505AC67F42C9
310
BA58B1FDDD071640D2FCC87D2045B96591CB3DA85CB7DCE40F504B0304140006080800CC70623B55019EA25F0000007C00000007000000636E782E786D6C4DCB3B0E80201045D1AD90E915ED2CF8AC45050C11660C8261F98AB1B07AC9C97D42D718D865D3E909258CFD00CCE24AC6E326A164D74DC0B4128928FF32603847
310
2BA13128B1252AC747C6BAB984FC68F0B87FE8960A5C09FE86CFB69FBA01504B0304140006080800CC70623B8C9102E971010000D40300000C0000006662782F636F72652E786D6CC5535B6E833010BC8AE5DF0A6C08340F1947A84D4ED00B38C6A128602363A31CBFCB234A53A551FA553EC09AD9F5CE8C31DB9E9B1AF5CA
310
7695D1198E428A91D2D214952E33ECDD315861B4E5CC1AE3BE9561A445A3323CC098B3D21ADFCE9034DA29ED00D5A6503328BA4E398C640D8B0C77F253352214DE4145770A5B214FA2546114020D759C75CE8200340D19DE981F0F6746269C33EFAB6266AB02A655C74A59CCF365BADC27CB5D902ED22848F6340DF238A141
310
BE88E2F57B92BFEDF23523433367AE6A2EEAA455C2A902F398D2751045018D3FA264435F3771F242571B4A1919CA6F9A7C5B3CD9E42BED16F12C776AEB308F40C848FC700B1139D4891EF410CEC810227CC6846F8386402064270EF5C5C709A05E49676C024C61FC95EA45ED154CA5211D1FF4FB8291A913A68E9B83EBBB33
310
E2A7673CDE118E5AE8124C0807CB8377834E366998436B950D7A7746DAD846D4CFD978E0F04FD455FC5D49D2D4C6FE9722321F10997F0F32DC47FE05504B0304140006080800CC70623BFFEA85907E0000009D0000000B0000006662782F636E782E786D6C4DCCD10A83201886E15B91FFDC95D95A811AB6F23E625948A6C3
310
E9D8E5AF46073BFAE0E1E365ED67B3E8ADC3CB78C7815C7240DA3DFC64DCC221C519D7805AC182F7F1EF06C88D9BE6703008B6049F9E274D7A1E938DBB5AE3D6131B2589BA0D3D965551E0B2EA732C9B9A624AAEB41E3A557677029960D9AFB4EF11165F504B0304140006080800CC70623B4FEEA4082C0100001202000031
310
0000006662782F39464131463745442D413632322D343644302D413938332D3331353338454246344243312F636F72652E786D6C8D515B6EC32010BC0AE2AB55850DD871ED0813254D72825EC00192A2C460F1A872FC42ED48ED5F7E00CDCECCCEB26C731F6FE05B39AFADE921293004CA082BB5B9F43086336A21D870E6AC
310
0D7F68109861543DCC30E4ECE26C9C164858139409093556AA051CBC570102714B8F1E7AF1A5C6A11862480C7F2DA6415C878B2A4891CA89C7990F2E050073937C42DE1DB7E4F87ED8A36D4329AA9B3D46DBAEAD504556557BD81DEBDD0761E52CE42C462D17B996298E3E6BE59E35C962CE821E1FF18553435012728A7187
310
0841987E927A8D9B35ADDF70BBC6989599FE4F1427F9A4286A132ABAC49D651EF234CD5CE04CDA78BA3DC2A8FB645D00B9DF8B57E215725C60BCA2A463E54C4CE327C7A65E1C7DB02E7DEFCBF594B864C5CA6CDBD49C957943E9FA5D5FBAF336F90F504B0304140006080800CC70623BAD7543B64E01000033030000300000
310
006662782F39464131463745442D413632322D343644302D413938332D3331353338454246344243312F636E782E786D6CD593CD6EC32010845F0571AD6CE3D48AD20813A9873E410FBD12D82434182C7EAAE6EDBB2424CD25871E7B41D6EC30B3FA84F9E67BB2E40B4234DE8DB46F1925E094D7C6ED479AD3AE5951B2113C
310
789FEE6C943839C1488B4C05DF079FE72A69D8C96C13AAD6B8631503449F83828872B949AC57D26200B826A308D316B4064D6E46FCDA41C05550DC9E483A00797BFD207EFB092A45DE9514C1BBD22178396BD39D891265658C238DEA00936C654E5E433CB65A26D9F6EDB5EBC14EBF49A45CB856E66048291F6939A9A81BB5
310
C8917738143CA680F4AA299D66A042CEB3354A2684DC9D8D178FE0D9B8B41CAAD720F880EE7EF93C0C18769E099ECC04D5A102C8049A8A05632F4DDF376CF1DE0F6BB65C2F8627B65A33C6BB62177CEBBDAD973006829F89F22E814B54F4BC2BE347F8AA8F681390B50FA73F804400B5F542E796F19FF974E7F78DB802FE05
310
E207504B0304140006080800CC70623B16AB87BA640500003C100000340000006662782F39464131463745442D413632322D343644302D413938332D3331353338454246344243312F6F626A656374732E786D6CAD575B6FA33818FD2B887DE6924B3BED8A326A92B68A663B534DD4D13E548A0C38942D60649B369D5FBFC7
310
600890A493BDE42160637FD7F31D7FF63E6FB3D478A55C242CBF3247B66B1A340F5994E4F19559CA8D75611A9F7D8F33263BCB4C232719BD32D5B4E97B316765A1A722BA21652A07B3B7B33F0D11D29C9A46981221AE4C113ED38CD8A4942CA2E2C58E882476BCD9DA23BB5ED8171B73523C0F841684D35CC252CCE79062D4
310
468DFA43D7747CCF51DF7D4FFDEB5593E3AB9CCA9FBEFE241792E4E19EB28198C968BAB8199F5D5A67D3E9C49A9E8F47D6EC76B6B0469F26EEFC7C3EBFBCBEB98462213924694B38DD98FE1D62C393D073EA4FADC5DAF04326852CCF6958F90F0F2B9BB5C48816348F90C7840A68EB78EDF68723159BCEE7891A6B95DDE9D3
310
BCEAEEE8086A6C6F9E5D4B59F0175C10A7A0820BAA5055C7473B5AE3CFDD452D602CD5DF12616444529E90D448938013FE6EFA58AA96F85E4F8C42275708571E98FE6827AF6B2B4AE3D7D83D64E5A64C53054DD3AF90BD06FEA9149565C94FCA0F6B834DC85599E4F2423B24DF0B6AFA979E534DFA9E7A4CC6FA631D486393
310
921829879BF5D781A373557BCB85E97FB90DB62B558F8795179C15944B051F40AB495CF35451D26A4727654E6D8033BD98EF82F21D91FF8AF2DD9982BCF1643BDD4EB516C9492E368C67C88DED563FC36D5EACF66DFF057C3658BDBFA69DF9578B3DA735B64F18C7F20770A9D45CFCF7FCF563D6456A277DBEF78A02637CA2
310
43B90A490AEAB94F72244481D24819A6C0E59B606BFA4B3025981DBB48EAB701D97BF19C577CC77F2D1B6C55A9EF3C732474C0B727303F625995056C3B02963D9EAC146BE78EC5FCEC7FA999EBC5EACBAAE41B12D27B4D2C0BBA49F244E2ECDC81B76B502F113D8F5EE8FB1BE3111CDD4FC2AA9B844CAB1288B68AB90A7CDC
310
1C166AB0D3DC5310625FCC14E779BFD0709F8890A629C9292B1B2DED31A4B0DA928CEE135085754027E3018A397D4D5427D15BD1330B677DC8934285AC3DF45A9EB68FF8F2B8FC0A509AFEECFD0FF2DE25CC6047F7214B195F07EFEB9A094D800F7BFAE8FED187B78EA8A3A400F115961BCAD1215E47C966530AF0EE8128FE
310
58CEBB996A8964FFA529A046635D9353B0336A8F700DDF46271A024E70B0B37C9DE01847591E54DED53D54202AB947E4076556AC49C6CA5C9E1226B7F1A7B1BE15DEED62C41B91E1B3E9AFAAA735036547343A925075041DF0A9979E893B391F8FCFA6967B3EFB644DCF6E5CEBFAE272625DCC6FAF3FB93793C5F90CE1EF57
310
407342756B10D1C489E8953CD1617E5CEECAD6F4EF8914CE5D5D504E5C3F1F9736DA62CFC11E00BCDDB8CC8A9466349744C1F75EBDA4DF09BA8A9E8C7A7E9991989E20E5DBDD6A6003664ED8F7A04A8DBE0DF6EAD9B9AA858342E47399053949D2C146EDB85DE4B176BB0965FBAC19BD19AA918E27FA50C1D22402E144464C
310
59462568E704B6E71915404CB72B8FF4EDE184DDAF753F284990D2C6926782963815403548A70C657FDEF80D2D9CEAA2AE4C1C76F60BFE74219A06527D6582DF6412526107381E55E353090704D085B52408D0933C4ED159D79BDA71BB4BC506F4831350EB6F979CD22D69BF7AC49B91A2C0A9DDA3D5CA36AD20FC478E37E6
310
1844E2352865EBCB6EA275A652E3836BE04EFB400BF1A2556F515F1FBB35B2AB35BD889C744FFA1004B5544B121E57F70215746DD2F5E2C1412B602CBF19455AC6C8E5E9922C4E01E65215385004546899059180EAFCF7A707CE7017CD8CDB0410789AB32C63B91E5CEBBBACB17AC6CD347A022D5075FD106377347AAABA7E
310
7D11590744509B44E205134DC1290F06580320F78E537D3D73540E06CB970B431F185308AD40BBD794D6D77003C5A36E8EAA54BA64597CD8F83BD552A080A365F7FF06504B0304140006080000CC70623B000000000000000000000000350000006662782F39464131463745442D413632322D343644302D413938332D3331
310
353338454246344243312F76657274696365732E62696E504B0304140006080800CC70623BF270F1330600000004000000360000006662782F39464131463745442D413632322D343644302D413938332D3331353338454246344243312F747269616E676C65732E62696E636660600000504B0304140006080000CC70623B
310
000000000000000000000000370000006662782F39464131463745442D413632322D343644302D413938332D3331353338454246344243312F617474726962757465732E62696E504B0304140006080800CC70623B08DA0BD19000000041010000360000006662782F39464131463745442D413632322D343644302D413938
310
332D3331353338454246344243312F6469726563746F72792E786D6C858F410AC3201045AF22B36F53E9A60B35CBEEBAE80D244E44489C6234F4F835464A48035D0DF398FF9F8AF63D0E6CC63039F212F8F9020C7D47C6792B21C5FE7403D62A1188E2E60C98D7234A5830286103A55745067B9D86B8A3CF9C7F90C11DE607
310
FB144396D7B6A82D282E9A152AD114D5EF2CB866EEE831B8EEA07A7BB5A8D7D61A2BAAEB7FD5F70921FF497D00504B0304140006080800CC70623B0D6EF93BFE000000A00100003B0000006662782F39464131463745442D413632322D343644302D413938332D3331353338454246344243312F7265736F75726365732F63
310
6F72652E786D6C8D50596E833010BD0A9ADFCA60B334011947A8694ED00B586642AC041B79A97AFC9A40A5F6AF3F33A3B7689E1E3F7DCD8FEC139DD7D6F4C0720A191A65476DA61E62B892236427C19DB5E1970C322367EC618541F0C9D9B8EC90B226A009093576C41D94DE63804C3DD2D18357379C652E63480A7FCF17A9
310
EE72C29CE5894E3AC17D702940B63D59270887DE46A7D0F36263058F518FBB468FE9A7BE6A7420864373B8D4873369AA8691FA421B3294352543C5CAF65C0F6FEF43CB8BD52C78D0F34F46E550061C419494B6843142CB0F5677F4B52BEB177AEC28E5C52AFF638ACBF84F53D42654E51E77B379102C05791282176B5F693D
310
CB4C7BED567C03504B010214000A0000080000CC70623B3DEE336E79000000790000001B00000000000000000000000000000000006175746F6465736B2D64657369676E2D7061636B6167652E786D6C504B01021400140006080800CC70623BD486FD9CA0000000F40000001300000000000000000000000000B20000005B
310
436F6E74656E745F54797065735D2E786D6C504B01021400140006080800CC70623B1EC5D7A3EB0000007C010000080000000000000000000000000083010000636F72652E786D6C504B01021400140006080800CC70623B55019EA25F0000007C000000070000000000000000000000000094020000636E782E786D6C504B
310
01021400140006080800CC70623B8C9102E971010000D40300000C00000000000000000000000000180300006662782F636F72652E786D6C504B01021400140006080800CC70623BFFEA85907E0000009D0000000B00000000000000000000000000B30400006662782F636E782E786D6C504B01021400140006080800CC70
310
623B4FEEA4082C0100001202000031000000000000000000000000005A0500006662782F39464131463745442D413632322D343644302D413938332D3331353338454246344243312F636F72652E786D6C504B01021400140006080800CC70623BAD7543B64E010000330300003000000000000000000000000000D5060000
310
6662782F39464131463745442D413632322D343644302D413938332D3331353338454246344243312F636E782E786D6C504B01021400140006080800CC70623B16AB87BA640500003C1000003400000000000000000000000000710800006662782F39464131463745442D413632322D343644302D413938332D3331353338
310
454246344243312F6F626A656374732E786D6C504B01021400140006080000CC70623B0000000000000000000000003500000000000000000000000000270E00006662782F39464131463745442D413632322D343644302D413938332D3331353338454246344243312F76657274696365732E62696E504B01021400140006
310
080800CC70623BF270F133060000000400000036000000000000000000000000007A0E00006662782F39464131463745442D413632322D343644302D413938332D3331353338454246344243312F747269616E676C65732E62696E504B01021400140006080000CC70623B0000000000000000000000003700000000000000
310
000000000000D40E00006662782F39464131463745442D413632322D343644302D413938332D3331353338454246344243312F617474726962757465732E62696E504B01021400140006080800CC70623B08DA0BD190000000410100003600000000000000000000000000290F00006662782F39464131463745442D413632
310
322D343644302D413938332D3331353338454246344243312F6469726563746F72792E786D6C504B01021400140006080800CC70623B0D6EF93BFE000000A00100003B000000000000000000000000000D1000006662782F39464131463745442D413632322D343644302D413938332D3331353338454246344243312F7265
310
736F75726365732F636F72652E786D6C504B0506000000000E000E0080040000641100000000
  0
XRECORD
  5
175
102
{ACAD_REACTORS
330
173
102
}
330
173
100
AcDbXrecord
280
     1
270
     1
271
     1
  0
XRECORD
  5
174
102
{ACAD_REACTORS
330
173
102
}
330
173
100
AcDbXrecord
280
     1
270
     1
271
     1
  0
XRECORD
  5
1FB
102
{ACAD_REACTORS
330
173
102
}
330
173
100
AcDbXrecord
280
     1
 70
     0
 90
1673772943
  1
ECE7A1D2-D628-4531-984C-D00F80459256
310
504B03040A0000080000CC70623B3DEE336E79000000790000001B0000006175746F6465736B2D64657369676E2D7061636B6167652E786D6C3C3F786D6C2076657273696F6E3D22312E302220656E636F64696E673D227574662D3822203F3E3C666F726D6174733E3C666F726D61743E687474703A2F2F736368656D612E
310
6175746F6465736B2E636F6D2F64657369676E2D7061636B6167652F323030393C2F666F726D61743E3C2F666F726D6174733E504B0304140006080800CC70623BD486FD9CA0000000F4000000130000005B436F6E74656E745F54797065735D2E786D6C7D8EC10E82300C865F65E91D8A1E8C310C0EEA1BF002731658846E
310
D98AC1B77784ABF1D8FE5FBFBF75BBCE937A534CCEB38643598122B6FEE978D0B0485F9C41B54DDD7D022595594E1A469170414C76A4D9A4D207E29CF43ECE46F218070CC6BECC4078ACAA135ACF422C856C0E68EA1BF5669944DDD7BCDE7B1F8E415D77AECB980613C2E4AC91FC167A2B244592486606FC29C8FD7F045B9A
310
EF7053A7E60B504B0304140006080800CC70623BD9DDAED0EC0000007C01000008000000636F72652E786D6C8D90416EC3201045AF82665B61836D9CD8C2444DD39CA01740405C94182C03558F5F9C3852BBEB6A467FFE9B197D7EF89E6EE8CB2CC17A37002D0820E394D7D68D03A478C17B4007C117EFE32F1B20272733C0
310
2A83E0E3E2D3BC49CABB685CCCAAF3DA6CA20CC14440EA969B0182FA34932C648AD911AEC52CD5558EA6A0CF2EC329598D1E47ACCEFBECC59A050463A7EA5833865FEBDD0E37353BE3EE8DBDE3F6786A48D375FBF6CC78B9C282473B3DEFABC5C86834888A900E538A49F5419B9EB47DD5BC907D4F082F57FB1F28CDFA9F50
310
B22ED6D5F6EE030B20687EE43E10BC5CB3C8E51E54AE6B6EE207504B0304140006080800CC70623B55019EA25F0000007C00000007000000636E782E786D6C4DCB3B0E80201045D1AD90E915ED2CF8AC45050C11660C8261F98AB1B07AC9C97D42D718D865D3E909258CFD00CCE24AC6E326A164D74DC0B4128928FF326038
310
472BA13128B1252AC747C6BAB984FC68F0B87FE8960A5C09FE86CFB69FBA01504B0304140006080800CC70623BA24EB22D72010000D40300000C0000006662782F636F72652E786D6CC5535B6E833010BC8AE5DF0A6C5E49888CA3A6694ED00B38E05014B091B1518EDFE511A5A9D228FD2A1F60CDEC7A67C6986DCE4D8D7A
310
69BA4AAB0C073EC548AA5C17952A33ECECD15B61B4E1CC686DBF9561A44423333CC098B3D268D7CE50AE9595CA02AA74216750749DB418E5352C32DCE59FB211BE70162ABA93DF8AFC244AE9073ED050C759670D0840D390E18DF9F1706664C23973AE2A66B62A605A75ACA4C13C4976E1364A12EF355A2EBD384AF65EFA96
310
BC7B8BED2EA6719AAE16FB8491A199335B351775B991C2CA02F390D2D40B028F861F41BCA68B7518BFD0D59A524686F29B26D7164F36B94AD9289CE54E6D1DE6010819891F6E21228B3AD1831EC219194284CF98F06DD01008846CC5A1BEF83801D4CBDC6A1303536877A57A513B0953A94FC707FDBE6064EA84A9E3E6E0FA
310
EE8CF0E9198F7784A316AA0413C2C2F2E0ECA0934D1AE6D05A69BCDE9E91D2A611F573361E38FC1375157F5752AE6B6DFE4B11990F88CCBF0719EE23FF02504B0304140006080800CC70623B408A7D3B7C0000009D0000000B0000006662782F636E782E786D6C4DCCD10A83201886E15B91FFDC552A92A0064DBC8F581632
310
D3703A76F9ABD1C18E3E78F878E5F0D9027ABBFCF2292AE86E2D20171F69F6715550CB827B40839639A5F2770314A7CD293819B45C73AAFB45B35BA61ACAA1C1C7E7855C58C15BC331339661262CC762340413D68D77DA5B42298546CBE6573AF60CEB2F504B0304140006080800CC70623B449FB9BD290100001202000031
310
0000006662782F36394639363044362D344446342D343946362D394244322D3234314243333846323333332F636F72652E786D6C8D515B6EC32010BC0AE22B55850D98B871848994463E412FE002495162B07854397EA176A4F62F3F2C9A9D991D587EB84F37F0AD7D30CEF6905418026DA553C65E7A98E219ED203808EE9D
310
8B7F6810D871D23D2C3014FCE25D9A57483A1BB58D19B54EE9151C43D0110279CB971E06F9A5A7B11A53CC8C70ADE6515EC78BAE4895DB992778883E0700CB907242D17643D7E2538BD869608875438BBAE38922CAC8F1BDD90DB4691A5E2F42C153326A951B95E398B3D1FE599322163C9AE9115F7A3D46ADA0A018778810
310
84E907617BDCEE297BC5BB3DC6BC2EF47FA234AB2745C9D8D8D035EE220B50105E2F0DC1954B9FB747187D9F9D8FA0CCDB042D5FA0C015C65B42DF78BD10F3F3B363CB56C7109DCFDFBBB97E662ED92EB62D13BC2E1BCAE5777DB9966D8A1F504B0304140006080800CC70623BAD7543B64E01000033030000300000006662
310
782F36394639363044362D344446342D343946362D394244322D3234314243333846323333332F636E782E786D6CD593CD6EC32010845F0571AD6CE3D48AD20813A9873E410FBD12D82434182C7EAAE6EDBB2424CD25871E7B41D6EC30B3FA84F9E67BB2E40B4234DE8DB46F1925E094D7C6ED479AD3AE5951B2113C789FEE
310
6C943839C1488B4C05DF079FE72A69D8C96C13AAD6B8631503449F83828872B949AC57D26200B826A308D316B4064D6E46FCDA41C05550DC9E483A00797BFD207EFB092A45DE9514C1BBD22178396BD39D891265658C238DEA00936C654E5E433CB65A26D9F6EDB5EBC14EBF49A45CB856E66048291F6939A9A81BB5C89177
310
38143CA680F4AA299D66A042CEB3354A2684DC9D8D178FE0D9B8B41CAAD720F880EE7EF93C0C18769E099ECC04D5A102C8049A8A05632F4DDF376CF1DE0F6BB65C2F8627B65A33C6BB62177CEBBDAD973006829F89F22E814B54F4BC2BE347F8AA8F681390B50FA73F804400B5F542E796F19FF974E7F78DB802FE05E20750
310
4B0304140006080800CC70623B8D05915C650500003B100000340000006662782F36394639363044362D344446342D343946362D394244322D3234314243333846323333332F6F626A656374732E786D6CAD575B6FA33814FE2B887D06429276DA1565D4266D158D3A339A6846FB502932E050B66023DB74D2FDF5FB190C01
310
9276B2973C046C8ECFF53B17071F77456EBD502133CEAE6CDF9DD81665314F32965ED995DA3A17B6F5310C04E7AA47665B8C14F4CAD6DB7618A48257A5D94AE89654B91AEDDEDDFC61C998326A5B714EA4BCB265FC440BE2924AF184CA6737218AB8E976E7FA6E4338649B0A523E8D98964450A6A029F619B8588D52FE7039
310
B1BD30F0F4F730D0FF866AF6369557DB33949F31A9088B0F848DD8CCFCF9F2767A76E99CCDE733677E3EF59D9BBB9BA5E37F984D16E78BC5E5F5ED25044B25C0C96822E8D60EEFE11B91C581D77CEA34368A1F5329E68CD1B8B61F16D63A1B8E092D294B10C78C4A48EB593D192E7DED9BDEE7995E1B91FDEDD3ACEA9FE831
310
6A756F9F7D4D79F4274C90A7A04248AA51D5F8C718DAE06FB2F75AC4796EBE65D22A88A22223B995679120E2D50E41AA49C260C046A35368846B0BECD0DFF3EBEB8AD4F835768F69B9ADF25C43D30E6B646F807FAA64AD59F61715C7A54127C4AACA98BA3006A9D792DAE165E0D59B61A01FB3A9F9D838D2DAE62445C86166
310
F37564E842E7DE6A69879FEEA2DD5AE7E371E1A5E025154AC307D06A03D73EB5978C58FFA4C8E9033066E0F3BD53BEC1F39F91BE7B55103791EDE6BBB991A2046172CB4581D8B893FA674DDA17A77B3B7C413D1B511FD2743BFF8A38F03A658705E3ADF8015C3A3417FF3D7E439FF591DA0B5F18BC20C1B8981957AE6392A3
310
F43C640C01D1A0B4728E2DD4F26DB4B3C3152A252A3B4E913CEC1C72F012782FF88EFF8637AA552DBEF76408E8A8DE9E50F9E1CB3A2DA0DB1B6039A893B56063DC5B3E3FFB5F72E67AB9FEB4AEC496C4F4C1149625DD662C53E89D7BF0F6151A046260D1337DFDC94502430F83B0EE07A130A224BCAD7DAE1D9FB6CD422FF6
310
920702629C4BB9AE79C12F243C6432A6794E18E5552BA56B431AAB5D91317302B2B071E86C3A42B1A02F999E24061403B5D0EB639195DA655DD3EBEAB4FB862DDF579F014AD0E73C22F99E28DA57FB98E75C6CA2D74D53086D600F4786E0FE3144B771A8A7B900F03594DB8A633CBC49B2EDB69228BB479CF863B5E807AAAB
310
23872F6DFEB4129B949CA33823F58830E86D65621E10047D9DB34D862E8EAC3C2ABC2F7B2C40D67CDFE01F5545B92105AF983AC54D93D69E56FB8E797F88913F898A9FEC705D3F9D1B54EC8426FB500D40A03BD0119B06E1B95DDC7EB8F6975367793EBD70E66733DFB9BC982F9CE564727731999F5D4ECFCE3B8D6A4DC2A0
310
6D50FD148437D110834A64C6CDDF57FBACB5C307A2A477DFE4939736CFEF2B175371E0E10CF0DD1D5C15654E0BCA14D1E87DD02FF93782A162C0A3D95F1524A52770F972BF1EE9809D13CE7DD599467F8ECE9ADD85CE85A34CD45355448C64F9E8A031DC2D596ACC6E5DD93D9B82DE2EF5CAF81363A8E47996A0DE24564A79
310
4115AACE09C55E14540231FDA13C319787134EBF34E3A022514E5B4D9E0826E25C02D5805B15ABE1BEF51B26383D445DD9E875EE33FE4C22DA16427D65A3BCA92CA6D28DD01DF5DC53330704308475351050232CCD31583787BA75774AFB06E5070DD0C8EF484E19968C5D83BA5B90B244D31E54D55A372320FE4786B7EA58
310
44E135AA5467CB7EA333A61683CC6A8C3257034C10CF46F40EF9F5BE59BE5BD30C3C72D235E95D10345C1D45445A5F0BB47E46A5EBE5570F9380B5FA629579952296A773720405982B9DE04011506178964401AA8BDF1FBF0A8EAB6861DD6580C0E38217056766716DAEB2D6FA0917D3E4116581EADB879C4E7CFFB11EFACD
310
3D641311495D92C8676CB409A72D18610D803CE8A626049E8EC1887CB5B44CC39883690DDA8399B4B9855B481E7D71D4A9D22F96E5BB73BF5793020C02137BF837504B0304140006080000CC70623B000000000000000000000000350000006662782F36394639363044362D344446342D343946362D394244322D32343142
310
43333846323333332F76657274696365732E62696E504B0304140006080800CC70623BF270F1330600000004000000360000006662782F36394639363044362D344446342D343946362D394244322D3234314243333846323333332F747269616E676C65732E62696E636660600000504B0304140006080000CC70623B0000
310
00000000000000000000370000006662782F36394639363044362D344446342D343946362D394244322D3234314243333846323333332F617474726962757465732E62696E504B0304140006080800CC70623B08DA0BD19000000041010000360000006662782F36394639363044362D344446342D343946362D394244322D
310
3234314243333846323333332F6469726563746F72792E786D6C858F410AC3201045AF22B36F53E9A60B35CBEEBAE80D244E44489C6234F4F835464A48035D0DF398FF9F8AF63D0E6CC63039F212F8F9020C7D47C6792B21C5FE7403D62A1188E2E60C98D7234A5830286103A55745067B9D86B8A3CF9C7F90C11DE607FB14
310
4396D7B6A82D282E9A152AD114D5EF2CB866EEE831B8EEA07A7BB5A8D7D61A2BAAEB7FD5F70921FF497D00504B0304140006080800CC70623BCA768048FE000000A00100003B0000006662782F36394639363044362D344446342D343946362D394244322D3234314243333846323333332F7265736F75726365732F636F72
310
652E786D6C8D50596E833010BD0A9ADFCA60D600328E9AA639412F609909B1126CE4A5EAF16B0295DABFFECC8CDEA2797AECF8353F924FB44E193D409E5248504B332A3D0D10FC95B4901C39B3C6F85F3248B49871801506CE266BC2B243D2688FDA47549B11775038871E12F988C7004EDE7016A9083E2ADC3D5D84BC8B09
310
D33C8D74D471E6BC8D0192EDC93A815B742658898E651BCB59086ADC356A8C3FD555A1055ED7E7E254D615792D0F075295F585746FF53B694EE78A565DD736979A65AB9933AFE69F8CD2A2F038022F28ED489E135A7CE4554F9BBEA85E68DB53CAB255FEC71496F19FA6A0B42F8B3DEE6673C0F318E4497096AD7DC5F52C33
310
EEB55BFE0D504B010214000A0000080000CC70623B3DEE336E79000000790000001B00000000000000000000000000000000006175746F6465736B2D64657369676E2D7061636B6167652E786D6C504B01021400140006080800CC70623BD486FD9CA0000000F40000001300000000000000000000000000B20000005B436F
310
6E74656E745F54797065735D2E786D6C504B01021400140006080800CC70623BD9DDAED0EC0000007C010000080000000000000000000000000083010000636F72652E786D6C504B01021400140006080800CC70623B55019EA25F0000007C000000070000000000000000000000000095020000636E782E786D6C504B0102
310
1400140006080800CC70623BA24EB22D72010000D40300000C00000000000000000000000000190300006662782F636F72652E786D6C504B01021400140006080800CC70623B408A7D3B7C0000009D0000000B00000000000000000000000000B50400006662782F636E782E786D6C504B01021400140006080800CC70623B
310
449FB9BD290100001202000031000000000000000000000000005A0500006662782F36394639363044362D344446342D343946362D394244322D3234314243333846323333332F636F72652E786D6C504B01021400140006080800CC70623BAD7543B64E010000330300003000000000000000000000000000D20600006662
310
782F36394639363044362D344446342D343946362D394244322D3234314243333846323333332F636E782E786D6C504B01021400140006080800CC70623B8D05915C650500003B10000034000000000000000000000000006E0800006662782F36394639363044362D344446342D343946362D394244322D32343142433338
310
46323333332F6F626A656374732E786D6C504B01021400140006080000CC70623B0000000000000000000000003500000000000000000000000000250E00006662782F36394639363044362D344446342D343946362D394244322D3234314243333846323333332F76657274696365732E62696E504B010214001400060808
310
00CC70623BF270F13306000000040000003600000000000000000000000000780E00006662782F36394639363044362D344446342D343946362D394244322D3234314243333846323333332F747269616E676C65732E62696E504B01021400140006080000CC70623B00000000000000000000000037000000000000000000
310
00000000D20E00006662782F36394639363044362D344446342D343946362D394244322D3234314243333846323333332F617474726962757465732E62696E504B01021400140006080800CC70623B08DA0BD190000000410100003600000000000000000000000000270F00006662782F36394639363044362D344446342D
310
343946362D394244322D3234314243333846323333332F6469726563746F72792E786D6C504B01021400140006080800CC70623BCA768048FE000000A00100003B000000000000000000000000000B1000006662782F36394639363044362D344446342D343946362D394244322D3234314243333846323333332F7265736F
310
75726365732F636F72652E786D6C504B0506000000000E000E0080040000621100000000
  0
XRECORD
  5
176
102
{ACAD_REACTORS
330
173
102
}
330
173
100
AcDbXrecord
280
     1
270
     1
271
     1
  0
XRECORD
  5
177
102
{ACAD_REACTORS
330
173
102
}
330
173
100
AcDbXrecord
280
     1
270
     1
271
     1
  0
CELLSTYLEMAP
  5
3D68
102
{ACAD_REACTORS
330
162
102
}
330
162
100
AcDbCellStyleMap
 90
        3
300
CELLSTYLE
  1
TABLEFORMAT_BEGIN
 90
        5
170
     1
 91
        0
 92
    32768
 62
   257
 93
        1
300
CONTENTFORMAT
  1
CONTENTFORMAT_BEGIN
 90
        0
 91
        0
 92
      512
 93
        0
300

 40
0.0
140
1.0
 94
        5
 62
     0
340
11
144
6.0
309
CONTENTFORMAT_END
171
     1
301
MARGIN
  1
CELLMARGIN_BEGIN
 40
1.5
 40
1.5
 40
1.5
 40
1.5
 40
4.5
 40
4.5
309
CELLMARGIN_END
 94
        6
 95
        1
302
GRIDFORMAT
  1
GRIDFORMAT_BEGIN
 90
        0
 91
        1
 62
     0
 92
       -2
340
14
 93
        0
 40
1.125
309
GRIDFORMAT_END
 95
        2
302
GRIDFORMAT
  1
GRIDFORMAT_BEGIN
 90
        0
 91
        1
 62
     0
 92
       -2
340
14
 93
        0
 40
1.125
309
GRIDFORMAT_END
 95
        4
302
GRIDFORMAT
  1
GRIDFORMAT_BEGIN
 90
        0
 91
        1
 62
     0
 92
       -2
340
14
 93
        0
 40
1.125
309
GRIDFORMAT_END
 95
        8
302
GRIDFORMAT
  1
GRIDFORMAT_BEGIN
 90
        0
 91
        1
 62
     0
 92
       -2
340
14
 93
        0
 40
1.125
309
GRIDFORMAT_END
 95
       16
302
GRIDFORMAT
  1
GRIDFORMAT_BEGIN
 90
        0
 91
        1
 62
     0
 92
       -2
340
14
 93
        0
 40
1.125
309
GRIDFORMAT_END
 95
       32
302
GRIDFORMAT
  1
GRIDFORMAT_BEGIN
 90
        0
 91
        1
 62
     0
 92
       -2
340
14
 93
        0
 40
1.125
309
GRIDFORMAT_END
309
TABLEFORMAT_END
  1
CELLSTYLE_BEGIN
 90
        1
 91
        1
300
_TITLE
309
CELLSTYLE_END
300
CELLSTYLE
  1
TABLEFORMAT_BEGIN
 90
        5
170
     1
 91
        0
 92
        0
 62
   257
 93
        1
300
CONTENTFORMAT
  1
CONTENTFORMAT_BEGIN
 90
        0
 91
        0
 92
      512
 93
        0
300

 40
0.0
140
1.0
 94
        5
 62
     0
340
11
144
4.5
309
CONTENTFORMAT_END
171
     1
301
MARGIN
  1
CELLMARGIN_BEGIN
 40
1.5
 40
1.5
 40
1.5
 40
1.5
 40
4.5
 40
4.5
309
CELLMARGIN_END
 94
        6
 95
        1
302
GRIDFORMAT
  1
GRIDFORMAT_BEGIN
 90
        0
 91
        1
 62
     0
 92
       -2
340
14
 93
        0
 40
1.125
309
GRIDFORMAT_END
 95
        2
302
GRIDFORMAT
  1
GRIDFORMAT_BEGIN
 90
        0
 91
        1
 62
     0
 92
       -2
340
14
 93
        0
 40
1.125
309
GRIDFORMAT_END
 95
        4
302
GRIDFORMAT
  1
GRIDFORMAT_BEGIN
 90
        0
 91
        1
 62
     0
 92
       -2
340
14
 93
        0
 40
1.125
309
GRIDFORMAT_END
 95
        8
302
GRIDFORMAT
  1
GRIDFORMAT_BEGIN
 90
        0
 91
        1
 62
     0
 92
       -2
340
14
 93
        0
 40
1.125
309
GRIDFORMAT_END
 95
       16
302
GRIDFORMAT
  1
GRIDFORMAT_BEGIN
 90
        0
 91
        1
 62
     0
 92
       -2
340
14
 93
        0
 40
1.125
309
GRIDFORMAT_END
 95
       32
302
GRIDFORMAT
  1
GRIDFORMAT_BEGIN
 90
        0
 91
        1
 62
     0
 92
       -2
340
14
 93
        0
 40
1.125
309
GRIDFORMAT_END
309
TABLEFORMAT_END
  1
CELLSTYLE_BEGIN
 90
        2
 91
        1
300
_HEADER
309
CELLSTYLE_END
300
CELLSTYLE
  1
TABLEFORMAT_BEGIN
 90
        5
170
     1
 91
        0
 92
        0
 62
   257
 93
        1
300
CONTENTFORMAT
  1
CONTENTFORMAT_BEGIN
 90
        0
 91
        0
 92
      512
 93
        0
300

 40
0.0
140
1.0
 94
        2
 62
     0
340
11
144
4.5
309
CONTENTFORMAT_END
171
     1
301
MARGIN
  1
CELLMARGIN_BEGIN
 40
1.5
 40
1.5
 40
1.5
 40
1.5
 40
4.5
 40
4.5
309
CELLMARGIN_END
 94
        6
 95
        1
302
GRIDFORMAT
  1
GRIDFORMAT_BEGIN
 90
        0
 91
        1
 62
     0
 92
       -2
340
14
 93
        0
 40
1.125
309
GRIDFORMAT_END
 95
        2
302
GRIDFORMAT
  1
GRIDFORMAT_BEGIN
 90
        0
 91
        1
 62
     0
 92
       -2
340
14
 93
        0
 40
1.125
309
GRIDFORMAT_END
 95
        4
302
GRIDFORMAT
  1
GRIDFORMAT_BEGIN
 90
        0
 91
        1
 62
     0
 92
       -2
340
14
 93
        0
 40
1.125
309
GRIDFORMAT_END
 95
        8
302
GRIDFORMAT
  1
GRIDFORMAT_BEGIN
 90
        0
 91
        1
 62
     0
 92
       -2
340
14
 93
        0
 40
1.125
309
GRIDFORMAT_END
 95
       16
302
GRIDFORMAT
  1
GRIDFORMAT_BEGIN
 90
        0
 91
        1
 62
     0
 92
       -2
340
14
 93
        0
 40
1.125
309
GRIDFORMAT_END
 95
       32
302
GRIDFORMAT
  1
GRIDFORMAT_BEGIN
 90
        0
 91
        1
 62
     0
 92
       -2
340
14
 93
        0
 40
1.125
309
GRIDFORMAT_END
309
TABLEFORMAT_END
  1
CELLSTYLE_BEGIN
 90
        3
 91
        2
300
_DATA
309
CELLSTYLE_END
  0
ENDSEC
  0
SECTION
  2
ACDSDATA
 70
     2
 71
     8
  0
ACDSSCHEMA
 90
        0
  1
AcDb_Thumbnail_Schema
  2
AcDbDs::ID
280
    10
 91
        8
  2
Thumbnail_Data
280
    15
 91
        0
101
ACDSRECORD
 95
        0
 90
        1
  2
AcDbDs::TreatedAsObjectData
280
     1
291
     1
101
ACDSRECORD
 95
        0
 90
        2
  2
AcDbDs::Legacy
280
     1
291
     1
101
ACDSRECORD
  1
AcDbDs::ID
 90
        3
  2
AcDs:Indexable
280
     1
291
     1
101
ACDSRECORD
  1
AcDbDs::ID
 90
        4
  2
AcDbDs::HandleAttribute
280
     7
282
     1
  0
ACDSSCHEMA
 90
        1
  1
AcDbDs::TreatedAsObjectDataSchema
  2
AcDbDs::TreatedAsObjectData
280
     1
 91
        0
  0
ACDSSCHEMA
 90
        2
  1
AcDbDs::LegacySchema
  2
AcDbDs::Legacy
280
     1
 91
        0
  0
ACDSSCHEMA
 90
        3
  1
AcDbDs::IndexedPropertySchema
  2
AcDs:Indexable
280
     1
 91
        0
  0
ACDSSCHEMA
 90
        4
  1
AcDbDs::HandleAttributeSchema
  2
AcDbDs::HandleAttribute
280
     7
 91
        1
284
     1
  0
ACDSRECORD
 90
        0
  2
AcDbDs::ID
280
    10
320
22
  2
Thumbnail_Data
280
    15
 94
     2005
310
89504E470D0A1A0A0000000D49484452000001000000005F08030000003003E9C200000300504C5445212830FFFFFF2128300000000000000000000000000000000000000000000000000000330000660000990000CC0000FF0033000033330033660033990033CC0033FF0066000066330066660066990066CC0066FF0099
310
000099330099660099990099CC0099FF00CC0000CC3300CC6600CC9900CCCC00CCFF00FF0000FF3300FF6600FF9900FFCC00FFFF3300003300333300663300993300CC3300FF3333003333333333663333993333CC3333FF3366003366333366663366993366CC3366FF3399003399333399663399993399CC3399FF33CC00
310
33CC3333CC6633CC9933CCCC33CCFF33FF0033FF3333FF6633FF9933FFCC33FFFF6600006600336600666600996600CC6600FF6633006633336633666633996633CC6633FF6666006666336666666666996666CC6666FF6699006699336699666699996699CC6699FF66CC0066CC3366CC6666CC9966CCCC66CCFF66FF0066
310
FF3366FF6666FF9966FFCC66FFFF9900009900339900669900999900CC9900FF9933009933339933669933999933CC9933FF9966009966339966669966999966CC9966FF9999009999339999669999999999CC9999FF99CC0099CC3399CC6699CC9999CCCC99CCFF99FF0099FF3399FF6699FF9999FFCC99FFFFCC0000CC00
310
33CC0066CC0099CC00CCCC00FFCC3300CC3333CC3366CC3399CC33CCCC33FFCC6600CC6633CC6666CC6699CC66CCCC66FFCC9900CC9933CC9966CC9999CC99CCCC99FFCCCC00CCCC33CCCC66CCCC99CCCCCCCCCCFFCCFF00CCFF33CCFF66CCFF99CCFFCCCCFFFFFF0000FF0033FF0066FF0099FF00CCFF00FFFF3300FF3333
310
FF3366FF3399FF33CCFF33FFFF6600FF6633FF6666FF6699FF66CCFF66FFFF9900FF9933FF9966FF9999FF99CCFF99FFFFCC00FFCC33FFCC66FFCC99FFCCCCFFCCFFFFFF00FFFF33FFFF66FFFF99FFFFCCFFFFFF0000000D0D0D1A1A1A2828283535354343435050505D5D5D6B6B6B787878868686939393A1A1A1AEAEAEBB
310
BBBBC9C9C9D6D6D6E4E4E4F1F1F1FFFFFF0000000000000000000000000000000000000000000000000000000000002E4550F1000000AB4944415478DAEDDA4B0AC2300040C1DCFFBED94BABA4A0515C16DE0C82DDE6919FD4310000000000B8A5B9531F7FAAC4CF710B50087035389EC6F9550B7024780E3E3803D630BB01
310
AE61D703CCE41EB03D07EA01462EC0FBA6D8BA14EF02ACE3313B03CECF98A98B4076060820C0C73128C0FA95680908D00CE01E600908E01814A0BB04A600364101EA4BA0F5A27C6E0E85D79BA2E831F8A54C61ECDDBF8A000000000000000000C09F1EE6FBDE943C48E0C00000000049454E44AE426082765DF71DA05B3E72
310
52400F19D05880108080D8020C01DB63CB5C8010F080009DC25D061CACD9A180EADE8C7B01CBEF5E1FC915012F980A573B40CD04BC7231E4B003AAE5B713D063068C1BD7DAC88480C3A0FF51607B3F2BC830586D8D5D053915F0FFA31F14A0BD6B811E058C97F52E9E02EF15A07B04BCFD1440406801A6B68BA1CE054C8787
310
00DF024A6BC0C6ABC18705F4B227A8B0174622DC435412B078E5F6069AB07F92E29E2100000000000000000000807BF800F4483850F86CEA3C0000000049454E44AE42608276196F10D88C98E022292CB458000558C8DD214132F01905D237C561B1038851FD24D8585252F25EC98527EBEC973FD12E46CDB76DD3AD08CDB2
310
839D4101C4D5D5FEFE2377E35554D0211516348B86FDC7562439CDB20E00017E86EEBC8E078CE0A7E7024F68168D2490620039D9FE8C7658D22F1226E016C03E0D71070556B40BC86FFDD46C57A259C62C8CC73C0477EB0D0A0F222C9EB3D1428123F485E91722EFC30877D9477F33D3B0814C80B5A165400D03880F26848A
310
D0A0E0FFFD4B0F06A365BEA60013986D30397D9F7DE1A65D89A0404C162030DBE0550C30D70F1048828B2C60ECB30DBE5107E8D4C2AB4A30E043292C90B4612222FAD685C80740AB09BC0884D26F9E2929292939533E00A0006AC07652A4CD0000000049454E44AE42608232CD4A12470C05503E583A4198E082E4B1198E9B
310
C934639D7F0B5C963BD51DFA45E4B1813498609AE56869CB1590648FDD649A5594DF7994734C404AE92780C4C2EB8360D8AD09C86353E032E431806D20F47989CF349B0257218F79394CDAAB73520D45241E6962012D6D7D7F4036E2C49340537F9BE431CA34D379A15024080EB90C469C259321D21DF2D887A3005580F15C
310
E361333D6ED412BF318B6456EAC8D4EE81CB2B20451E1BD1495ADAEA2C1851018C88483806E294D4059730848BE4B1041FEC2E79ECF36DA19810E6D1E7AE91C74AD48221C5ABA5BE1A6193C7F2E0F58E40894FA9E4304592AA44A19FBEFB1999F00D0AC00C21CCAE991A639A4DD0D2166E3E8B55D090AB4CB32BE4B1156D80
310
881096E3834D81514203F0BEEE319C784F30CDC6261302F0F2109022845D679A45E08289C03D1770FA0104DC32B4B4D54D1143A864F78FFBF375EED4BA5018BDF577E0C5E60FBB8C01A98FCD678A19A659ABE7FF2A0DB26F82F156BF4D9E4AD1D2D60600497FC3C91D4B91C718D56E8296B63E06E2DC3187E2D5514692E4B1
310
2C2DAD444924CF7063A74933CD92E483A50A4096E3260EBD734C33D43A11628F45298EDB1922F24CB32F208F098A17E24E5A0A3C474B2BE109E94265AAA22D4E10FBBAFBDC638F3DF6D8638F3DE8F807AEE444E2D24A6FC30000000049454E44AE426082
  0
ENDSEC
  0
EOF
